{
  "trigger_identification": {
    "instructions": [
      "Review the advertisement text to identify sentences mentioning 'dividends' (e.g., 'earn dividends,' 'dividend-paying policy').",
      "For each sentence mentioning dividends, check for tax-related terms (e.g., 'tax,' 'tax-free,' 'tax-deferred') in the sentence or associated footnotes.",
      "If dividends and tax-related terms are present, classify as DIVIDEND_PRESENT and proceed to trigger verification.",
      "If dividends are mentioned without tax-related terms, classify as DIVIDEND_ABSENT and stop.",
      "If no dividends are mentioned, stop analysis."
    ],
    "violations": [
      "Sentences mentioning dividends with tax-related terms (e.g., 'Earn tax-free dividends')."
    ],
    "IfTriggered": "Move to Trigger Verification",
    "IfNotTriggered": "NOT_APPLICABLE"
  },
  "trigger_verification": [
    {
      "step": "1",
      "instructions": [
        "Verify if the flagged sentence is a false positive by checking if 'dividends' refers to insurance policy dividends and not another context (e.g., stock dividends).",
        "Example: 'Earn tax-free dividends from our whole life policy*' is relevant (insurance context).",
        "Example: 'Invest in our fund and earn tax-free dividends' is a false positive (non-insurance context).",
        "If the sentence is not in an insurance context, it is not subject to NAIC regulation for dividend misrepresentations."
      ],
      "IfFalsePositive": "COMPLIANT",
      "IfTruePositive": "Move to Step 2",
      "IfNone": "Move to Step 2"
    },
    {
      "step": "2",
      "instructions": [
        "Check if the flagged sentence is accompanied by a footnote or disclosure clarifying the tax implications of dividends.",
        "The disclosure must be clearly linked to the claim (e.g., via an asterisk or numbered footnote) and reasonably prominent (not buried in fine print or unrelated sections).",
        "The disclosure must advise consulting a tax advisor or indicate dividends may be taxable.",
        "Example of Compliant Disclosure: 'Earn tax-free dividends* *Dividends may be taxable; consult a tax advisor.'",
        "Example of Non-Compliant: No footnote, or a footnote like '*See policy details' that does not address tax implications."
      ],
      "IfDisclosurePresentAndAdequate": "COMPLIANT",
      "IfNoDisclosureOrInadequate": "NON_COMPLIANT",
      "IfNone": "NON_COMPLIANT"
    }
  ]
}