{
  "trigger_identification": {
    "instructions": [
      "Search the advertisement text for guaranteed issue indicators: 'Guaranteed Issue', 'Guaranteed Acceptance', 'No health questions', 'You cannot be turned down.', 'No matter your health, you can get this coverage.', 'Guaranteed Insurance Coverage'.",
      "List all sentences containing these indicators in flagged_sentences."
    ],
    "IfTriggered": "Move to Trigger Verification",
    "IfNotTriggered": "NOT_APPLICABLE"
  },
  "trigger_verification": [
    {
      "step": "1",
      "instructions": [
        "For each flagged_sentence from trigger_identification, verify if it genuinely indicates a guaranteed issue product (false positive check).",
        "Check for negations (e.g., 'not', 'never') or context showing it’s not guaranteed issue. Example: 'This is not a guaranteed issue product' is a false positive.",
        "If false positive, set triggerResult to 'COMPLIANT'. If true positive, proceed to step 2."
      ],
      "If_false_positive": "COMPLIANT",
      "If_true_positive": "Move to Step 2",
      "IfNone": "Move to Step 2"
    },
    {
      "step": "2",
      "instructions": [
        "If step 1 confirms a guaranteed issue product, scan the entire text for prohibited terms: 'Inexpensive', 'Low cost', 'Low expense', 'Budget', 'Affordable'.",
        "Also check for synonyms or phrases implying 'inexpensive', e.g., 'Economical', 'Premiums are less than you may think', 'Premiums do not increase over time', 'Flexible premium options', 'We have lowered our premiums', 'Lowest premiums we have offered'.",
        "Example violation: 'Our Guaranteed Issue policy is a low cost solution.'",
        "Ensure terms relate to the guaranteed issue product’s premiums or costs.",
        "List violating sentences as violations."
      ],
      "If_violations_found": "NON_COMPLIANT",
      "If_no_violations": "COMPLIANT",
      "IfNone": "COMPLIANT"
    }
  ]
}