{
  "trigger_identification": {
    "instructions": [
      "Scan the advertisement text for sentences containing underwriting-related terms that suggest simplified underwriting, such as 'non-medical,' 'no medical exam,' 'no exam,' 'no medical examination required,' or similar phrases indicating no physical medical exam is needed for policy issuance.",
      "Context Check: Ensure terms relate to the underwriting process (i.e., how applicants are evaluated for eligibility, premiums, or coverage terms). Exclude terms in unrelated contexts, such as claims processing, benefits, or general statements not tied to applicant evaluation.",
      "Examples:",
      "- Qualifying: 'Get life insurance with no medical exam required!' (Directly tied to underwriting process).",
      "- Qualifying: 'Non-medical underwriting means quick approval.' (Implies simplified underwriting for policy issuance).",
      "- Non-Qualifying: 'No medical training needed to understand our benefits.' (Unrelated to underwriting; about understanding policy).",
      "- Non-Qualifying: 'No medical records needed for claims.' (Relates to claims, not underwriting).",
      "Ambiguity Handling: For vague terms like 'simplified underwriting,' check the surrounding paragraph to confirm they imply 'no medical exam.' If unclear, exclude to avoid false positives.",
      "Guaranteed Issuance Check: Note any presence of terms like 'Guarantee Issue,' 'Guaranteed Acceptance,' or 'Guaranteed Coverage,' as these may negate disclosure requirements."
    ],
    "IfTriggered": "Move to Trigger Verification",
    "IfNotTriggered": "NOT_APPLICABLE"
  },
  "trigger_verification": [
    {
      "step": "1",
      "instructions": [
        "False Positive Verification: Confirm whether the flagged sentence’s underwriting-related terms are directly linked to the policy issuance process (i.e., applicant evaluation for eligibility or premiums).",
        "Check the sentence and surrounding paragraph to determine context.",
        "Examples:",
        "- Valid: 'No medical exam required to get coverage.' (Tied to policy issuance).",
        "- False Positive: 'No medical documentation needed for claims.' (Tied to claims, not issuance).",
        "If the terms are not linked to underwriting (e.g., related to benefits, claims, or unrelated processes), classify as COMPLIANT, as no disclosure is required."
      ],
      "If_UnderwritingContext_No": "COMPLIANT",
      "If_UnderwritingContext_Yes": "Move to Step 2",
      "IfNone": "Move to Step 2"
    },
    {
      "step": "2",
      "instructions": [
        "Guaranteed Issuance Check: Review the entire advertisement for terms like 'Guarantee Issue,' 'Guaranteed Acceptance,' or 'Guaranteed Coverage,' indicating no health questions or underwriting criteria are required.",
        "Examples:",
        "- Present: 'Guaranteed Acceptance for all applicants!' (No health questions or exams needed).",
        "- Absent: No mention of guaranteed issuance terms in the document.",
        "If present, classify as COMPLIANT, as no disclosure is required for guaranteed issue products."
      ],
      "If_GuaranteedIssuance_Yes": "COMPLIANT",
      "If_GuaranteedIssuance_No": "Move to Step 3",
      "IfNone": "Move to Step 3"
    },
    {
      "step": "3",
      "instructions": [
        "Disclosure Substantiation: Check if the flagged sentence or its surrounding paragraph includes a clear disclosure stating that policy issuance or premiums may depend on health questions or medical records.",
        "Disclosure must be specific, e.g., 'Coverage depends on answers to health questions.'",
        "Examples:",
        "- Substantiated: 'No medical exam required, but you’ll answer a few health questions.' (Clear disclosure).",
        "- Not Substantiated: 'No medical exam needed!' (No mention of health questions).",
        "Clarity Check: Disclosure must be prominent (e.g., in the same sentence or nearby paragraph). If in a distant section, it’s not clear.",
        "If no disclosure or an unclear/vague one is found, classify as NON_COMPLIANT."
      ],
      "If_Disclosure_Yes": "COMPLIANT",
      "If_Disclosure_No": "NON_COMPLIANT",
      "IfNone": "NON_COMPLIANT"
    }
  ]
}