{
  "trigger_identification": {
    "instructions": [
      "Examine the marketing text to identify sentences or phrases containing location-based claims.",
      "Location-based claims refer to a location, city, state, or geographical region tied to the service offered or quality claimed, not just company details.",
      "Exclude references in the company name or address (e.g., 'XYZ Insurance Company, New York, NY') unless tied to a marketing claim.",
      "Exclude vague statements without specific locations (e.g., 'Serving our local community') unless a region is specified.",
      "Examples:",
      "- 'We serve customers across the country.' -> Potential Type A claim.",
      "- 'Best insurer in California.' -> Potential Type B claim.",
      "- 'ABC Company, Miami, FL' -> Not a claim unless linked to service/quality.",
      "- 'We’re the best company.' -> Not a claim (no location)."
    ],
    "IfTriggered": "Move to Trigger Verification",
    "IfNotTriggered": "COMPLIANT"
  },
  "trigger_verification": [
    {
      "step": "1",
      "instructions": [
        "For each flagged sentence, verify if it’s a true location-based claim to avoid false positives.",
        "Confirm the location reference is tied to service scope or quality, not just company information or vague phrasing.",
        "Examples:",
        "- 'Headquartered in Texas, we’re the best.' -> Not a claim if location is only company info.",
        "- 'Top service in Texas.' -> Valid Type B claim.",
        "If it’s not a location-based claim, it’s a false positive."
      ],
      "IfNotClaim": "COMPLIANT",
      "IfClaim": "Move to Step 2"
    },
    {
      "step": "2",
      "instructions": [
        "Classify the confirmed location-based claim:",
        "- Type A: Geographical Scope of Service Claims (e.g., 'national', 'everywhere', 'across the country').",
        "- Type B: Regional Quality or Ranking Claims (e.g., 'Top in the Southeast', 'Best in Ohio').",
        "Examples:",
        "- 'Insurance wherever you are.' -> Type A.",
        "- 'Leading provider in the Midwest.' -> Type B."
      ],
      "IfTypeA": "Move to Step 3 for Type A",
      "IfTypeB": "Move to Step 3 for Type B"
    },
    {
      "step": "3",
      "instructions": [
        "Check for the required footnote based on claim type:",
        "For Type A:",
        "- Footnote must list states where the company is licensed (e.g., 'Licensed in all states except AK and HI.').",
        "- Must explicitly mention licensure, not vague (e.g., 'See website' is insufficient).",
        "For Type B:",
        "- Footnote must specify the rating source (e.g., 'Rated by J.D. Power.').",
        "- Must name a specific authority, not generic (e.g., 'Customer feedback' is insufficient).",
        "Look for indicators (e.g., '*', '1') linking the claim to the footnote, which may be inline or at the end."
      ],
      "IfFootnotePresentAndCorrect": "COMPLIANT",
      "IfFootnoteMissingOrIncorrect": "NON_COMPLIANT"
    }
  ]
}