{
    "trigger_identification": {
        "instructions": [
            "Read the advertisement text provided in Marketing Material Text.",
            "Identify every sentence containing urgency or scarcity language. Urgency language includes phrases that pressure the consumer to act quickly (e.g., 'act now', 'don’t delay', 'before it’s too late'). Scarcity language includes phrases indicating limited availability (e.g., 'limited-time offer', 'only available for a short period').",
            "Verify that each identified sentence is directly related to purchasing the insurance product, not external events, unrelated deadlines, or general encouragement. Use the surrounding paragraph to clarify ambiguous claims.",
            "Exclude vague or general motivational phrases unless they explicitly connect to a time-sensitive or limited-availability purchase decision.",
            "List all qualifying sentences as flagged_sentences."
        ],
        "examples": {
            "included": [
                "Sign up by Friday to secure this exclusive discount.",
                "Limited spots available—enroll today!",
                "Rates go up in 3 days—act fast!",
                "Only 10 policies remain at this special rate."
            ],
            "excluded": [
                "Invest in your family’s future today.",
                "Build a safety net for tomorrow.",
                "Give yourself peace of mind.",
                "Be prepared for the unexpected.",
                "Don’t put off your financial security."
            ]
        },
        "IfTriggered": "Move to Trigger Verification",
        "IfNotTriggered": "NOT_APPLICABLE"
    },
    "trigger_verification": [
        {
            "step": "1",
            "instructions": [
                "For each flagged sentence, perform a false positive verification: Determine if the urgency or scarcity claim is directly tied to purchasing the insurance product (purchase_context).",
                "Answer 'Yes' if the claim explicitly involves buying the product (e.g., 'Buy now', 'Secure your policy') or is framed as a step toward a time-sensitive purchase, based on the surrounding paragraph.",
                "Answer 'No' if the claim relates to a non-purchase action (e.g., calling, registering) without a clear purchase link, or an unrelated event.",
                "Provide an explanation citing specific language and context from the sentence and surrounding paragraph."
            ],
            "examples": [
                "Sentence: 'Purchase by Friday to lock in this discount.' - purchase_context: 'Yes' (Directly about buying).",
                "Sentence: 'Call now to get details before time runs out.' - purchase_context: 'No' (About calling, not purchasing)."
            ],
            "If_purchase_context_Yes": "Move to Step 2",
            "If_purchase_context_No": "Move to Step 3"
        },
        {
            "step": "2",
            "instructions": [
                "For sentences with purchase_context = 'Yes', evaluate substantiation: Determine if the sentence provides concrete evidence (e.g., deadline, limited quantity, regulatory constraint) to back up its urgency or scarcity claim.",
                "Answer 'Yes' if specific, credible details are present in the sentence or surrounding paragraph (e.g., 'Offer ends December 31').",
                "Answer 'No' if the claim is vague, lacks evidence, or appears arbitrary.",
                "Evaluate tone: Determine if the sentence uses coercive or fear-based language (e.g., 'now or never', 'you’ll regret it') rather than neutral encouragement.",
                "Answer 'Yes' if the tone is aggressive or fear-inducing; 'No' if neutral or mildly encouraging.",
                "Provide explanations for both, citing specific phrases and context."
            ],
            "examples": [
                "Sentence: 'Sign up by July 1 due to policy changes.' - substantiation: 'Yes' (Specific deadline and reason), tone: 'No' (Neutral).",
                "Sentence: 'Hurry, or lose it all!' - substantiation: 'No' (No evidence), tone: 'Yes' (Coercive)."
            ],
            "If_substantiation_No_or_tone_Yes": "NON_COMPLIANT",
            "If_substantiation_Yes_and_tone_No": "COMPLIANT"
        },
        {
            "step": "3",
            "instructions": [
                "For sentences with purchase_context = 'No', evaluate tone: Determine if the sentence uses coercive or fear-based language.",
                "Answer 'Yes' if the tone is aggressive or fear-inducing; 'No' if neutral or mildly encouraging.",
                "Provide an explanation citing specific phrases and context."
            ],
            "examples": [
                "Sentence: 'Call now or you’ll miss out forever.' - tone: 'Yes' (Fear-based).",
                "Sentence: 'Contact us soon for more info.' - tone: 'No' (Neutral)."
            ],
            "If_tone_Yes": "NON_COMPLIANT",
            "If_tone_No": "COMPLIANT"
        }
    ]
}