{
    "rule": "Product Name Compliance Check",
    "steps": [
        {
            "step": "1",
            "description": "Determine if the advertisement promotes life insurance or annuity",
            "instructions": "Scan the entire document for indicators like 'life insurance', 'pays a death benefit' (for life insurance) or 'annuity', 'income for retirement' (for annuity).",
            "if_indicators_found": "Proceed to Step 2",
            "if_no_indicators": "COMPLIANT (no product type specified)"
        },
        {
            "step": "2",
            "description": "Confirm the product type",
            "instructions": "Classify as 'life insurance' or 'annuity' based on the majority or clearest indicators.",
            "if_confirmed": "Proceed to Step 3",
            "if_ambiguous": "NON_COMPLIANT (reason: 'Product type is ambiguous')"
        },
        {
            "step": "3",
            "description": "Flag all product name mentions",
            "instructions": "List every product name mentioned in the document (e.g., 'Secure Life Insurance', 'Future Annuity Plan').",
            "if_names_found": "Proceed to Step 4",
            "if_no_names": "NON_COMPLIANT (reason: 'No product names mentioned')"
        },
        {
            "step": "4",
            "description": "Check for required term in product names",
            "instructions": "For life insurance, check if at least one name includes 'life insurance'; for annuity, check for 'annuity'.",
            "if_at_least_one_includes_term": "COMPLIANT",
            "if_none_include_term": "NON_COMPLIANT (reason: 'No product name mentions include the required term')"
        }
    ]
}