{
  "trigger_identification": {
    "instructions": [
      "1. Scan the marketing material for sentences containing professional titles such as 'financial planner,' 'investment adviser,' 'consultant,' 'financial counselor,' or close variations like 'wealth advisor,' 'retirement specialist,' 'financial consultant,' 'investment consultant,' 'money coach,' etc.",
      "2. For each sentence identified, analyze its context to determine if the title describes the insurance producer (e.g., agent, representative, or company staff) or the services they directly provide. Look for indicators such as possessive pronouns ('our,' 'your'), direct statements ('I am a financial planner'), or role descriptions ('our team of consultants').",
      "3. Flag sentences where the title explicitly or implicitly refers to the producer. Exclude sentences where the title is used generally, refers to third parties, or is unrelated to the producer’s role.",
      "Examples:",
      "- Flag: 'Our insurance agents are also experienced financial planners.' (describes producer)",
      "- Flag: 'As your trusted consultant, I can help with both insurance and investments.' (describes producer)",
      "- Do not flag: 'It’s wise to consult a financial planner for complex decisions.' (general advice)",
      "- Do not flag: 'We partner with independent investment advisers.' (third party)",
      "4. If any sentences are flagged, list them in 'flagged_sentences', set 'triggerResult' to 'TITLE_FOUND', and 'action' to 'continue'. If none are flagged, set 'triggerResult' to 'NO_TITLE' and 'action' to 'stop'."
    ],
    "IfTriggered": "Move to Trigger Verification",
    "ifNotTriggered": "NOT_APPLICABLE"
  },
  "trigger_verification": [
    {
      "step": "1",
      "instructions": [
        "For each flagged sentence, verify if the professional title is indeed used to describe the insurance producer or their services, ruling out false positives from the identification step.",
        "Check the sentence and its surrounding context (e.g., paragraph) for clear attribution to the producer using indicators like 'our,' 'your,' or direct role statements.",
        "Examples:",
        "- True: 'Our financial planners guide you through insurance options.' (describes producer)",
        "- False: 'A financial planner can benefit your future.' (general, not producer-specific)",
        "If the title does not describe the producer, classify as 'COMPLIANT' (no violation). If it does, proceed to Step 2."
      ],
      "If_False": "COMPLIANT",
      "If_True": "Move to Step 2"
    },
    {
      "step": "2",
      "instructions": [
        "Analyze the sentence and its context to determine if it suggests the producer charges extra fees for services typically part of selling insurance (e.g., advising on policy selection, explaining coverage).",
        "Look for terms like 'fee,' 'charge,' or phrases implying additional costs for standard services.",
        "Examples:",
        "- 'Our consultants charge a fee to help you pick the right policy.' (implies fees for standard service)",
        "- 'We provide free insurance advice.' (no fees implied)",
        "If extra fees are implied for standard insurance services, classify as 'NON_COMPLIANT'. Otherwise, proceed to Step 3."
      ],
      "If_Yes": "NON_COMPLIANT",
      "If_No": "Move to Step 3"
    },
    {
      "step": "3",
      "instructions": [
        "Determine if the sentence or its context describes services typically part of selling insurance (e.g., policy recommendations, explaining coverage) or broader financial services (e.g., investment planning, retirement planning).",
        "Focus on the primary service tied to the title. Use the surrounding paragraph if needed for clarity.",
        "Examples:",
        "- 'Your financial planner will recommend the best insurance policy.' (Standard Insurance Services)",
        "- 'Your financial planner will build your retirement portfolio.' (Broader Financial Services)",
        "- 'Our consultants offer comprehensive financial planning, including insurance solutions.' (Broader Financial Services if emphasis is on planning)",
        "If the service context is 'Standard Insurance Services', classify as 'NON_COMPLIANT'. If 'Broader Financial Services', classify as 'COMPLIANT'."
      ],
      "If_Standard_Insurance_Services": "NON_COMPLIANT",
      "If_Broader_Financial_Services": "COMPLIANT"
    }
  ]
}