{
  "trigger_identification": {
    "instructions": [
      "Scan the advertisement text for the restricted terms: 'investment,' 'savings,' 'no cost,' 'free,' or 'profit-sharing.'",
      "These terms are case-insensitive (e.g., 'Investment' and 'investment' are the same).",
      "Identify sentences where these terms directly relate to the insurance product, describing its features, benefits, or costs.",
      "Focus only on sentences where the term characterizes the product itself, suggesting something about its nature, value, or financial implications.",
      "Examples of product-related context:",
      "- 'This annuity is a smart investment for your retirement.' (Describes the annuity as an 'investment.')",
      "- 'Our life insurance offers savings you can count on.' (Refers to 'savings' as a product benefit.)",
      "- 'Get this policy at no cost to you.' (Implies 'no cost' about the product’s pricing.)",
      "Examples of non-product-related context to exclude:",
      "- 'It’s a good idea to have savings for emergencies.' (General advice, not tied to the product.)",
      "- 'Investing in the stock market carries risks.' (Refers to securities, not the insurance product.)",
      "- 'Profit-sharing is common in some companies.' (Unrelated to the product.)",
      "Flag all relevant sentences regardless of prominence (e.g., headline or minor detail), though prominent uses may carry more weight in the overall message."
    ],
    "ifTriggered": "Proceed to Trigger Verification with the list of flagged sentences.",
    "ifNotTriggered": "Classify as 'NO_TERM' and stop."
  },
  "trigger_verification": [
    {
      "step": "1",
      "instructions": [
        "Perform a false positive verification: Confirm that the restricted term directly describes the insurance product’s features, benefits, or costs.",
        "Answer 'Product-Related' if the term pertains to the product, or 'Unrelated' if it does not.",
        "Provide an explanation based on the sentence and its role in the advertisement.",
        "Example: 'This annuity is a smart investment.' - 'Product-Related' because it describes the annuity.",
        "Example: 'It’s a good idea to have savings.' - 'Unrelated' because it’s general advice."
      ],
      "if": {
        "answer": "Unrelated",
        "then": "Classify sentence as 'COMPLIANT' and stop."
      },
      "else": "Move to Step 2"
    },
    {
      "step": "2",
      "instructions": [
        "Check for misleading intent: Determine if the restricted term suggests that the insurance product is a security (e.g., stocks, bonds), free of costs or fees, or misrepresents its nature as an insurance product.",
        "Answer 'Yes' if the term could reasonably mislead a consumer, or 'No' if it accurately reflects the product.",
        "Provide an explanation considering the advertisement’s narrative.",
        "Example: 'This annuity is your best investment.' - 'Yes' because it implies a security-like return.",
        "Example: 'Free benefits with this policy.' - 'No' if the benefits are genuinely cost-free."
      ],
      "if": {
        "answer": "No",
        "then": "Classify sentence as 'COMPLIANT' and stop."
      },
      "else": "Move to Step 3"
    },
    {
      "step": "3",
      "instructions": [
        "Check for qualifiers: Look for disclosures, disclaimers, or qualifying statements within the sentence or immediate surrounding text (e.g., same paragraph) that clarify the restricted term’s meaning and prevent misrepresentation.",
        "Answer 'Yes' if qualifiers are present and sufficient, or 'No' if they are absent or inadequate.",
        "Provide an explanation listing any qualifiers or noting their absence.",
        "Example: 'This annuity is an investment (not a security; see disclosures).' - 'Yes' due to clarification.",
        "Example: 'Life insurance with no cost.' - 'No' if no fees disclaimer exists."
      ],
      "if": {
        "answer": "Yes",
        "then": "Classify sentence as 'COMPLIANT' and stop."
      },
      "else": "Classify sentence as 'NON_COMPLIANT' and stop."
    }
  ]
}