{
  "trigger_identification": {
    "instructions": [
      "Scan the advertisement text provided sentence by sentence to identify statements that may mislead consumers about the nature of the insurance policy—specifically, whether it is a group policy or an individual policy.",
      "Look for sentences that:",
      "- Falsely imply that an individual policy is offered through a group, association, employer, or similar entity.",
      "- Misrepresent eligibility requirements for group policies (e.g., suggest broader or exclusive access that doesn’t align with the policy’s terms).",
      "- Suggest benefits, rates, or terms typically associated with group policies (e.g., lower premiums or special discounts) that do not apply to the advertised product.",
      "- Use terminology like 'group rate,' 'association discount,' 'employer-sponsored,' or similar phrases in a potentially misleading manner.",
      "Focus on the following markers:",
      "- Linguistic Indicators: Terms such as 'group,' 'association,' 'employer-sponsored,' 'union,' 'member,' 'collective,' or 'discount for members.'",
      "- Eligibility Claims: Statements about who can access the policy (e.g., 'available to all association members' or 'exclusive to our group').",
      "- Benefit Implications: References to special rates, discounts, or advantages typically tied to group policies (e.g., 'enjoy group savings' or 'member-only rates').",
      "Ensure contextual relevance: The statement must pertain to the policy’s nature (group vs. individual) or its associated benefits/eligibility.",
      "Exclude sentences that are:",
      "- Vague or unrelated to the policy type (e.g., 'We offer great plans').",
      "- Hypothetical promotions without specific group reference (e.g., 'You might qualify for savings').",
      "Examples:",
      "- Include: 'Our policy offers group rates for individual buyers.' (Suggests group benefits for an individual policy).",
      "- Include: 'Available to all association members.' (Implies group eligibility that may not apply).",
      "- Exclude: 'We provide excellent customer service to all our clients.' (Unrelated to policy type).",
      "- Exclude: 'Get the best rates today.' (Vague, no group reference)."
    ],
    "IfTriggered": "Move to Trigger Verification",
    "ifNotTriggered": "NOT_APPLICABLE"
  },
  "trigger_verification": [
    {
      "step": "1",
      "instructions": [
        "For each flagged sentence from flagges_sentences, perform a false positive verification.",
        "Objective: Determine if the sentence, when considered in its surrounding paragraph within Marketing Text, is clearly not misleading due to immediate contextual clarification.",
        "Instructions:",
        "- Review the surrounding paragraph to check if the sentence’s group-related terms (e.g., 'group,' 'member') are immediately clarified as non-misleading.",
        "- Examples of clarification:",
        "  - Sentence: 'Enjoy group savings today.' Paragraph includes: 'These savings are discounts available to all customers, not tied to a group policy.'",
        "  - Sentence: 'Member benefits included.' Paragraph states: 'All policyholders are considered members of our customer community, not a group.'",
        "- If the surrounding context explicitly negates the misleading implication (e.g., clarifies it’s an individual policy or redefines the term), it’s a false positive.",
        "Analysis: Provide a brief explanation of whether the context resolves the potential misrepresentation."
      ],
      "If_Clarified": "COMPLIANT",
      "If_NotClarified": "Move to Step 2",
      "IfNone": "Move to Step 2"
    },
    {
      "step": "2",
      "instructions": [
        "Check if the insurer is a Fraternal Benefit Society, which allows group or member references without violation.",
        "Instructions:",
        "- Examine the entire advertisement for explicit statements indicating the insurer is a fraternal benefit society.",
        "- Examples:",
        "  - 'The Knights of Columbus is a fraternal benefit society offering benefits to members.'",
        "  - 'Modern Woodmen of America, a fraternal financial services organization, helps families.'",
        "- Consider the flagged sentence’s context: If the insurer is a fraternal benefit society, terms like 'member' or 'group' align with its nature.",
        "Analysis: Explain if the advertisement identifies the insurer as a fraternal benefit society and how this applies to the sentence."
      ],
      "If_Yes": "COMPLIANT",
      "If_No": "Move to Step 3",
      "IfNone": "Move to Step 3"
    },
    {
      "step": "3",
      "instructions": [
        "Check if the insurance is only offered to a Pre-existing Group (e.g., AARP, AAA), justifying group-related terms.",
        "Instructions:",
        "- Review '{marketing_material}' for statements restricting the policy to a pre-existing group.",
        "- Examples:",
        "  - 'Exclusive for AARP members.'",
        "  - 'AAA members receive a 10% discount on this policy.'",
        "- For the flagged sentence, assess if it reflects a legitimate group restriction or misrepresents eligibility.",
        "Analysis: State whether the advertisement limits the policy to a pre-existing group and its relevance to the sentence."
      ],
      "If_Yes": "COMPLIANT",
      "If_No": "Move to Step 4",
      "IfNone": "Move to Step 4"
    },
    {
      "step": "4",
      "instructions": [
        "Check for Disclosures that clarify the policy’s nature and prevent confusion about the flagged sentence.",
        "Instructions:",
        "- Search the entire advertisement for disclosures or disclaimers addressing the policy type or group terms.",
        "- Examples:",
        "  - 'This is an individual policy, not a group policy.'",
        "  - 'Group rates refer to discounted rates for all policyholders.'",
        "- Evaluate if the disclosure is clear, conspicuous, and sufficient to clarify the flagged sentence’s meaning, even if not in the same paragraph.",
        "Analysis: Describe if a disclosure exists and whether it resolves the potential misrepresentation."
      ],
      "If_Yes": "COMPLIANT",
      "If_No": "NON_COMPLIANT",
      "IfNone": "NON_COMPLIANT"
    }
  ]
}