{
  "trigger_identification": {
    "instructions": [
      "Scan the advertisement text for sentences mentioning ratings (e.g., 'A+ Rating,' 'Rated A-,' 'Top Rated,' 'Financial Strength') or rating agencies (e.g., A.M. Best, Moody’s, Fitch, Standard & Poor’s).",
      "Examples to flag: 'We have an A+ Rating!', 'Rated by A.M. Best.', 'Top Rated Insurer!', 'Rated B++', 'Financial Strength of A+ by Yelp.'",
      "List all such sentences as 'flagged_sentences'.",
      "If any sentences are flagged, set 'triggerResult' to 'Move to trigger_verification' and 'action' to 'continue'.",
      "If no sentences are flagged, set 'triggerResult' to 'NOT_APPLICABLE' and 'action' to 'stop'."
    ],
    "ifTriggered": "Move to trigger_verification",
    "ifNotTriggered": "NOT_APPLICABLE"
  },
  "trigger_verification": [
    {
      "step": "1",
      "instructions": [
        "Perform false positive verification for each flagged sentence.",
        "Determine if the rating is: (a) an official financial rating from a recognized agency (e.g., A.M. Best, Moody’s, Fitch, Standard & Poor’s), (b) a consumer rating presented in a way that could mislead consumers into thinking it’s an official rating (e.g., 'Financial Strength of A+ by Yelp'), or (c) a consumer rating clearly presented as such (e.g., 'Top-rated service by customers on Yelp').",
        "Examples:",
        "- 'Rated A+ by A.M. Best.' → Official rating, proceed to Step 2.",
        "- 'Financial Strength of A+ by Yelp.' → Consumer rating, potentially misleading, mark as 'NON_COMPLIANT'.",
        "- 'Top-rated by customers on Yelp.' → Clear consumer rating, mark as 'COMPLIANT'."
      ],
      "ifOfficialRating": "Move to Step 2",
      "ifMisleadingConsumerRating": "NON_COMPLIANT",
      "ifClearConsumerRating": "COMPLIANT"
    },
    {
      "step": "2",
      "instructions": [
        "For sentences identified as official ratings, check if the advertisement includes all required elements: Letter Grade (e.g., A+), Rating Agency (e.g., A.M. Best), and Hierarchy (e.g., 'second of 13 ratings').",
        "Elements may be in the same sentence or clearly linked (e.g., via footnotes or a disclosure section accessible to the average consumer).",
        "Ensure elements are not buried in inaccessible fine print or unrelated sections.",
        "Examples:",
        "- 'Rated A+ by A.M. Best, second of 13 ratings.' → All elements present, 'COMPLIANT'.",
        "- 'We have an A+ Rating!' (no agency or hierarchy in ad) → Missing elements, 'NON_COMPLIANT'.",
        "- 'A+ Rating!' with footnote 'A+ by Fitch, third of 10 ratings' → Elements linked, 'COMPLIANT'."
      ],
      "ifAllElementsPresent": "COMPLIANT",
      "ifAnyElementMissing": "NON_COMPLIANT"
    }
  ]
}