{
  "trigger_identification": {
    "instructions": [
      "Search the advertisement text for sentences containing keywords or phrases such as 'approved by', 'certified', 'endorsed', 'recommended', 'doctor-recommended', 'NAIC', 'government', 'state insurance department', or similar terms that might suggest regulatory approval or endorsement.",
      "Flag any sentence with these terms for further analysis, even if the implication is unclear without context.",
      "Examples:",
      "- 'Our annuity is endorsed by the NAIC for its outstanding value.' (Flag: contains 'endorsed' and 'NAIC')",
      "- 'This product is approved by the state insurance department.' (Flag: contains 'approved by')",
      "- 'Our life insurance policy is filed with state regulators.' (Flag: contains 'state regulators')",
      "- 'Our agents are certified professionals.' (Flag: contains 'certified')"
    ],
    "IfTriggered": "List all flagged sentences in 'flagged_sentences', set 'triggerResult' to 'Move to trigger_verification', and set 'action' to 'continue' to trigger_verification.",
    "IfNotTriggered": "Set 'flagged_sentences' to an empty array, 'triggerResult' to 'NOT_APPLICABLE', and 'action' to 'stop'."
  },
  "trigger_verification": {
    "steps": [
      {
        "step": "1",
        "instructions": [
          "For each flagged sentence, determine if it pertains to the insurance product’s merits, features, or compliance status, rather than an unrelated topic (e.g., company or agents).",
          "Analyze the sentence and its surrounding context in the advertisement.",
          "If the sentence is about the product’s characteristics, benefits, or regulatory status, proceed to Step 2.",
          "If it’s about the company, agents, or unrelated topics, it’s a false positive and should be classified as compliant.",
          "Examples:",
          "- 'This annuity offers guaranteed income for life.' (Yes: about product features)",
          "- 'Our company is licensed by the state insurance department.' (No: about company)",
          "- 'This policy is filed with the state insurance department.' (Yes: about product compliance)",
          "- 'Our agents are certified professionals.' (No: about agents)"
        ],
        "If_NotAboutProduct": "Set 'triggerResult' to 'COMPLIANT' and 'action' to 'stop' with analysis explaining it’s unrelated to the product.",
        "If_AboutProduct": "Set 'triggerResult' to 'Move to Step 2' and 'action' to 'continue' with analysis confirming product relevance."
      },
      {
        "step": "2",
        "instructions": [
          "For sentences about the product, determine if they imply special regulatory endorsement beyond standard compliance.",
          "Look for language suggesting unique favor, preference, or special approval (e.g., 'specially endorsed', 'uniquely approved') in the sentence and its surrounding context.",
          "If the sentence only indicates standard compliance (e.g., 'approved' in the typical insurance sense), it’s compliant unless context elevates it.",
          "Examples:",
          "- 'This product is approved by the state insurance department.' (No: standard compliance)",
          "- 'Our annuity is specially endorsed by the NAIC for its exceptional value.' (Yes: implies special endorsement)",
          "- 'Filed with state regulators, ensuring it meets all legal standards.' (No: standard compliance)",
          "- 'Recommended by government agencies for its reliability.' (Yes: implies special endorsement)",
          "Consider the surrounding paragraph, e.g., 'Approved by the state, which selects only the best products' implies endorsement."
        ],
        "If_ImpliesEndorsement": "Set 'triggerResult' to 'NON_COMPLIANT' and 'action' to 'stop' with analysis explaining the misleading implication.",
        "If_NotImpliesEndorsement": "Set 'triggerResult' to 'COMPLIANT' and 'action' to 'stop' with analysis confirming it’s just compliance or neutral."
      }
    ]
  }
}