{
    "trigger_identification": {
        "instructions": [
            "Split the advertisement text into individual sentences.",
            "For each sentence, check for keywords or phrases indicating statistical information: 'study', 'research', 'survey', 'experts', 'cost', 'average', 'percent', 'according to', 'studies show', 'experts say', 'say', 'said'.",
            "Assess the context to confirm if the sentence presents or references statistical data or external authoritative sources requiring citation or substantiation. Examples of qualifying sentences include:",
            "  - 'A recent survey found that 60% of users saw improvement.' (Contains 'survey' and '60%').",
            "  - 'Experts say our product is the most efficient.' (Implies data from external authority).",
            "  - 'The average cost of our service is $50 per month.' (Includes 'average' and specific cost).",
            "Exclude sentences where keywords are used in non-statistical contexts to avoid false positives. Examples of exclusions include:",
            "  - 'You should research your options before buying.' (General advice, no data).",
            "  - 'Our customers say they love our product.' (Anecdotal, lacks statistical reference).",
            "  - 'The cost of our product is affordable.' (Vague, no specific figure).",
            "Collect all sentences that meet the criteria as flagged_sentences."
        ],
        "IfTriggered": "If flagged_sentences is not empty, set 'triggerResult' to 'STATISTIC FOUND' and 'action' to 'continue' to trigger_verification.",
        "IfNotTriggered": "If flagged_sentences is empty, set 'triggerResult' to 'NO STATISTIC' and 'action' to 'stop'."
    },
    "trigger_verification": {
        "instructions": [
            "For each flagged sentence, perform the following steps to verify compliance:"
        ],
        "steps": [
            {
                "step": "1",
                "instructions": [
                    "Verify if the sentence contains statistical information (false positive check).",
                    "Check if it presents data-driven claims (e.g., numbers, percentages) or references external sources (e.g., studies, experts) requiring substantiation.",
                    "Examples:",
                    "  - 'A survey showed 75% satisfaction.' (Contains statistical data).",
                    "  - 'Our team of experts worked hard.' (No statistical data, just internal reference).",
                    "If the sentence does not contain statistical information, it’s a false positive."
                ],
                "If_Not_Statistical": "Set 'triggerResult' to 'COMPLIANT' and 'action' to 'stop' (no statistical claim to verify).",
                "If_Statistical": "Set 'triggerResult' to 'Move to Step 2' and 'action' to 'continue'."
            },
            {
                "step": "2",
                "instructions": [
                    "Evaluate the following for the statistical sentence:",
                    "1. **Citation Requirement**: Does it reference external data without a citation?",
                    "   - Answer 'YES' if data is mentioned without a source (e.g., 'Studies show 80% success' with no citation).",
                    "   - Answer 'NO' if no data is referenced or a citation is provided (e.g., 'Per 2021 ABC study, 80% succeed').",
                    "   - Example: 'Experts say 9 out of 10 prefer us.' (YES, no source).",
                    "2. **Citation Age**: If a citation exists, is it older than five years (current year 2023) or undated?",
                    "   - Answer 'YES' if over five years (e.g., 'Per 2017 study' = 2023 - 2017 = 6 years).",
                    "   - Answer 'NO' if within five years (e.g., 'Per 2020 study').",
                    "   - Answer 'N/A' if no citation (e.g., '75% of users agree').",
                    "   - Example: 'Per 2016 survey, 50% liked it.' (YES, outdated).",
                    "3. **Plausibility**: Does the statistic seem reasonable based on general knowledge?",
                    "   - Answer 'YES' if plausible (e.g., '50% of people like coffee').",
                    "   - Answer 'NO' if exaggerated (e.g., '99% of users grew wings').",
                    "   - Example: '95% success rate in one day.' (NO, seems high).",
                    "Provide explanations for each answer.",
                    "Determine compliance:",
                    "   - 'NON-COMPLIANT' if Citation Requirement = 'YES', Citation Age = 'YES', or Plausibility = 'NO'.",
                    "   - 'COMPLIANT' if none of the above apply."
                ],
                "If_Non_Compliant": "Set 'triggerResult' to 'NON_COMPLIANT' and 'action' to 'stop'.",
                "If_Compliant": "Set 'triggerResult' to 'COMPLIANT' and 'action' to 'stop'."
            }
        ]
    }
}