{
  "trigger_identification": {
    "instructions": [
      "Scan the marketing material for sentences containing superlatives or absolute statements. Superlatives include words like 'best,' 'top,' 'greatest,' 'most,' 'unsurpassed,' etc. Absolute statements include terms like 'guaranteed,' 'always,' 'never,' 'completely,' 'totally,' etc.",
      "Flag any sentence that contains these words or phrases, as they may indicate a potential violation of NAIC rules if not properly substantiated.",
      "Examples of flagged sentences:",
      "- 'We offer the best rates in the industry.'",
      "- 'Our policies guarantee the highest returns.'",
      "- 'You will always get the most competitive premiums with us.'",
      "- 'Our service is unsurpassed in the market.'",
      "- 'We never charge hidden fees.'",
      "If no such sentences are found, the process stops here."
    ],
    "IfTriggered": "Move to Trigger Verification",
    "IfNotTriggered": "NOT_APPLICABLE"
  },
  "trigger_verification": [
    {
      "step": "1",
      "instructions": [
        "False Positive Check: Verify if the flagged sentence uses the superlative or absolute statement in a context that does not relate to the product, service, or company claims. For example, if the sentence is part of a testimonial or a general statement not directly related to the insurance offering, it may be a false positive.",
        "Examples:",
        "- False Positive: 'Our customers say we are the best!' (This is a testimonial, not a direct claim by the company.)",
        "- Not a False Positive: 'We are the best insurance provider in the state.' (Direct claim by the company.)",
        "If the sentence is a false positive, mark it as COMPLIANT. If not, proceed to Step 2."
      ],
      "If_False_Positive": "COMPLIANT",
      "If_Not_False_Positive": "Move to Step 2"
    },
    {
      "step": "2",
      "instructions": [
        "Substantiation Check: Determine if the superlative or absolute statement is substantiated with evidence or a clear basis for comparison within the marketing material.",
        "For superlatives, check if there is a fair and complete comparison provided. For absolute statements, check if the claim is factually accurate and not misleading.",
        "Examples:",
        "- Substantiated: 'Our rates are the best, as confirmed by the 2023 Industry Rate Comparison Report.' (Provides a basis for the claim.)",
        "- Not Substantiated: 'We offer the best rates.' (No evidence or comparison provided.)",
        "- Substantiated: 'Our policies guarantee returns, as outlined in the policy terms.' (Refers to specific terms.)",
        "- Not Substantiated: 'You are guaranteed the highest returns.' (Absolute statement without clarification.)",
        "If the statement is substantiated, mark it as COMPLIANT. If not, proceed to Step 3."
      ],
      "If_Substantiated": "COMPLIANT",
      "If_Not_Substantiated": "Move to Step 3"
    },
    {
      "step": "3",
      "instructions": [
        "Misleading Context Check: Assess if the superlative or absolute statement, even if partially substantiated, could still be misleading to the average consumer. Consider the overall impression and clarity of the statement.",
        "Examples:",
        "- Misleading: 'We are the top-rated insurer' (if the rating is based on a narrow or irrelevant criterion).",
        "- Not Misleading: 'We are the top-rated insurer for customer service, as rated by XYZ Survey.' (Clear and specific.)",
        "- Misleading: 'Our premiums are always the lowest' (absolute statement that may not hold true in all cases).",
        "- Not Misleading: 'Our premiums are always calculated based on the latest risk assessments.' (Factual and not misleading.)",
        "If the statement is not misleading, mark it as COMPLIANT. If it is misleading, mark it as NON_COMPLIANT."
      ],
      "If_Not_Misleading": "COMPLIANT",
      "If_Misleading": "NON_COMPLIANT"
    }
  ]
}