{
  "trigger_identification": {
    "instructions": [
      "Scan the advertisement text sentence by sentence to identify potential testimonials.",
      "Look for linguistic markers such as: (a) quotation marks around a statement (e.g., 'I doubled my investment in two years'), (b) verbs or phrases indicating reported speech like 'said', 'stated', 'reports', 'told us', or 'shared', (c) attribution to a specific individual or role (e.g., 'Jane Doe, policyholder' or 'retiree from Texas').",
      "Accept generic attributions like 'a customer' if paired with a specific experience (e.g., 'A customer reports saving $500').",
      "Ensure contextual relevance: The statement must reflect a customer’s direct experience with the product’s features, performance, or benefits (e.g., 'This annuity gave me peace of mind in retirement' or 'My premiums were lower than expected').",
      "Exclude: (a) hypothetical statements (e.g., 'You could save thousands'), (b) vague praise unrelated to the product (e.g., 'The company is great'), (c) general satisfaction without specific outcomes (e.g., 'I’m happy with my policy').",
      "Examples: 'I received my payout in two days' - John Smith (qualifies), 'You’ll love this insurance' (does not qualify—hypothetical)."
    ],
    "IfTriggered": "Move to Trigger Verification",
    "IfNotTriggered": "NOT_APPLICABLE"
  },
  "trigger_verification": [
    {
      "step": "1",
      "instructions": [
        "Perform false positive verification: Confirm if the flagged sentence is a testimonial by ensuring it reflects a real customer’s direct experience with the product’s performance, benefits, or outcomes.",
        "Check for evidence of a customer’s personal experience (e.g., 'I received my payout in two days') versus hypothetical or fictional statements (e.g., 'Imagine saving millions').",
        "Exclude statements not tied to the product’s outcomes (e.g., 'The agent was nice') or lacking customer attribution (e.g., 'Savings are guaranteed').",
        "Examples: 'This policy paid out fast' - Jane Doe (True—proceed), 'You might enjoy big returns' (False—not a testimonial)."
      ],
      "IfTrue": "Move to Step 2",
      "IfFalse": "COMPLIANT"
    },
    {
      "step": "2",
      "instructions": [
        "Check for exaggeration: Assess if the testimonial overstates the product’s benefits or suggests implausible outcomes without evidence.",
        "Look for absolute or extreme claims (e.g., 'This policy made me a millionaire overnight') versus reasonable outcomes (e.g., 'My premiums dropped by 10%').",
        "Consider if qualifiers or evidence are absent (e.g., 'You’ll always win' with no proof).",
        "Examples: 'I earned a billion dollars in a week' (exaggerated), 'The payout helped me recover' (not exaggerated)."
      ],
      "IfExaggerated": "NON_COMPLIANT",
      "IfNotExaggerated": "Move to Step 3"
    },
    {
      "step": "3",
      "instructions": [
        "Check authenticity: Verify if the statement appears to come from a real customer and describes a believable outcome.",
        "Look for specific attribution (e.g., 'John Doe, policyholder') or realistic details (e.g., 'I saved $200 last year').",
        "Flag vague or anonymous sources with implausible claims (e.g., 'Someone said I’d live forever').",
        "Examples: 'I got my claim in a week' - Sarah, customer (authentic), 'A voice told me I’d be rich' (not authentic)."
      ],
      "IfNotAuthentic": "NON_COMPLIANT",
      "IfAuthentic": "Move to Step 4"
    },
    {
      "step": "4",
      "instructions": [
        "Check alignment: Ensure the testimonial aligns with the product’s actual terms and conditions, avoiding suggestions of guaranteed results unless specified.",
        "Review the surrounding paragraph in the advertisement text for disclaimers or conditions (e.g., 'Results may vary' or 'Subject to approval').",
        "Flag claims implying certainty without support (e.g., 'You’ll definitely earn 20%') if contradicted by terms.",
        "Examples: 'I earned 10% returns' with disclaimer 'Returns not guaranteed' (aligned), 'This policy always pays double' with no such term (not aligned)."
      ],
      "IfNotAligned": "NON_COMPLIANT",
      "IfAligned": "COMPLIANT"
    }
  ]
