{
  "trigger_identification": {
    "instructions": [
      "Review the advertisement text to identify sentences that mention any of the following:",
      "- Vanishing premium terms: 'vanish', 'vanishing premiums', 'premiums disappear', or similar phrases implying premiums cease.",
      "- Riders: The term 'riders' referring to additional policy features.",
      "- Flexible premiums: Statements about flexible payment options (e.g., 'pay what you can', 'flexible payments'), typically associated with Universal Life (UL) or Variable Universal Life (VUL) policies.",
      "Examples of sentences to flag:",
      "- 'After 10 years, your premiums vanish.' (flags vanishing premium terms)",
      "- 'Add riders to customize your coverage.' (flags riders)",
      "- 'Enjoy flexible payments tailored to your budget.' (flags flexible premiums)",
      "Do not flag sentences that lack these terms or concepts, such as general statements about policy benefits without premium references."
    ],
    "IfTriggered": "Set 'flagged_sentences' to the list of identified sentences, 'triggerResult' to 'Move to Trigger Verification', and 'action' to 'continue'.",
    "IfNotTriggered": "Set 'flagged_sentences' to an empty list, 'triggerResult' to 'NOT_APPLICABLE', and 'action' to 'stop'."
  },
  "trigger_verification": [
    {
      "step": "1",
      "instructions": [
        "Perform a false positive verification for each flagged sentence.",
        "Confirm that the sentence genuinely relates to premium representations by checking if the flagged terms are used in a premium-related context.",
        "Examples:",
        "- 'Premiums vanish after 10 years.' (True positive: relates to premiums)",
        "- 'Worries vanish with our coverage.' (False positive: 'vanish' unrelated to premiums)",
        "If the term is a false positive (e.g., 'vanish' or 'riders' not about premiums), exclude it from further analysis."
      ],
      "IfFalsePositive": "triggerResult' to 'COMPLIANT', and 'action' to 'stop'.",
      "IfTruePositive": "'triggerResult' to 'Move to Step 2', and 'action' to 'continue'."
    },
    {
      "step": "2",
      "instructions": [
        "Analyze the sentence for vanishing premium terms.",
        "Check for prohibited terms like 'vanish', 'vanishing premiums', 'premiums disappear', or similar phrases implying premiums cease.",
        "Example: 'Your premiums disappear after a decade.' (contains vanishing terms)",
        "Guidance: Under NAIC Rule 7, use of these terms is always a violation, regardless of disclosures."
      ],
      "IfPresent": "'triggerResult' to 'NON_COMPLIANT', and 'action' to 'stop'.",
      "IfNotPresent": "'triggerResult' to 'Move to Step 3', and 'action' to 'continue'."
    },
    {
      "step": "3",
      "instructions": [
        "Analyze the sentence for mentions of riders.",
        "If 'riders' is mentioned, examine the surrounding paragraph for a clear disclosure about additional charges or premiums.",
        "Compliant disclosure examples: 'Riders are available for an additional cost.' or 'Optional riders require a separate premium.'",
        "Non-compliant cases: No disclosure, vague statements, or misleading phrases like 'free riders'.",
        "The disclosure must be prominent and linked to the rider mention (e.g., via asterisk or footnote)."
      ],
      "IfRidersMentionedAndDisclosurePresent": "'triggerResult' to 'Move to Step 4', and 'action' to 'continue'.",
      "IfRidersMentionedAndDisclosureAbsent": "'triggerResult' to 'NON_COMPLIANT', and 'action' to 'stop'.",
      "IfRidersNotMentioned": "'triggerResult' to 'Move to Step 4', and 'action' to 'continue'."
    },
    {
      "step": "4",
      "instructions": [
        "Analyze the sentence for mentions of flexible premiums.",
        "Check for statements about flexible payment options (e.g., 'pay what you can', 'flexible payments') related to UL/VUL policies.",
        "If mentioned, examine the surrounding paragraph for a clear disclosure warning about risks of insufficient payments (e.g., policy lapse or underperformance).",
        "Compliant disclosure examples: 'Insufficient payments may lead to policy lapse.' or 'Flexible premiums may affect policy performance.'",
        "Non-compliant cases: No disclosure or unclear warnings about risks.",
        "The disclosure must be clear and reasonably prominent."
      ],
      "IfFlexiblePremiumsMentionedAndDisclosurePresent": "'triggerResult' to 'COMPLIANT', and 'action' to 'stop'.",
      "IfFlexiblePremiumsMentionedAndDisclosureAbsent": "'triggerResult' to 'NON_COMPLIANT', and 'action' to 'stop'.",
      "IfFlexiblePremiumsNotMentioned": "'triggerResult' to 'COMPLIANT', and 'action' to 'stop'."
    }
  ]
}