{
  "task": "Analyze marketing material PDF for compliance with NAIC rules regarding dividend claims",
  "instructions": {
    "phase_1_trigger_identification": {
      "objective": "Scan the entire marketing material PDF (text, images, tables, charts, and visual elements) to identify all sentences or claims mentioning dividends, and check for associated tax-related terms to flag potential NAIC rule violations, outputting them as a list.",
      "steps": [
        {
          "action": "Identify claims mentioning dividend-related terms.",
          "criteria": {
            "dividend_terms": ["dividends", "dividend-paying", "earn dividends", "dividend payments"],
            "examples": [
              "Earn dividends from our whole life policy.",
              "Our policies are dividend-paying.",
              "Receive dividend payments annually."
            ]
          }
        },
        {
          "action": "For each claim with dividend terms, check for tax-related terms in the claim or associated footnotes.",
          "criteria": {
            "tax_related_terms": ["tax", "tax-free", "tax-deferred", "taxable"],
            "footnote_check": "Look for tax-related terms in linked footnotes (e.g., marked with asterisks or numbers).",
            "examples": [
              "Earn tax-free dividends from our whole life policy.",
              "Our dividend-paying policies offer tax-deferred benefits.",
              "Earn dividends.* *Dividends may be taxable; consult a tax advisor."
            ]
          }
        },
        {
          "action": "Classify and compile a list of flagged claims as potential violations.",
          "outcome": {
            "if_no_dividend_claims_found": {
              "stepResult": "NOT_APPLICABLE",
              "action": "stop",
              "reason": "No claims mentioning dividend terms were found in the document."
            },
            "if_dividend_no_tax_terms": {
              "stepResult": "DIVIDEND_ABSENT",
              "action": "stop",
              "reason": "Claims mentioning dividends were found, but no tax-related terms were present."
            },
            "if_dividend_and_tax_terms": {
              "stepResult": "POTENTIAL_VIOLATIONS_FOUND",
              "action": "continue",
              "next_step": "phase_2_trigger_verification",
              "reason": "Claims mentioning dividends and tax-related terms were found, requiring verification."
            }
          }
        }
      ]
    },
    "phase_2_trigger_verification": {
      "objective": "Evaluate each flagged claim to determine NAIC rule compliance through False Positive Check and Disclosure Check, stopping when a definitive result is reached for a claim.",
      "steps": [
        {
          "step": "1",
          "name": "False Positive Check",
          "objective": "Determine if a flagged claim is a false positive by verifying if 'dividends' refers to insurance policy dividends rather than another context (e.g., stock dividends).",
          "instructions": {
            "evaluate_claim": {
              "criteria": [
                "Check for insurance-related terms (e.g., 'policy,' 'whole life,' 'life insurance') or context indicating insurance dividends.",
                "Non-insurance contexts (e.g., 'fund,' 'stock,' 'investment portfolio') are false positives and not subject to NAIC regulation for dividend misrepresentations."
              ],
              "examples": [
                {
                  "claim": "Earn tax-free dividends from our whole life policy.",
                  "is_false_positive": "No",
                  "category": "Insurance Context",
                  "reason": "Refers to dividends from an insurance policy."
                },
                {
                  "claim": "Invest in our fund and earn tax-free dividends.",
                  "is_false_positive": "Yes",
                  "category": "Non-Insurance Context",
                  "reason": "Refers to stock or fund dividends, not insurance."
                },
                {
                  "claim": "Our dividend-paying policies offer tax-deferred benefits.",
                  "is_false_positive": "No",
                  "category": "Insurance Context",
                  "reason": "Clearly refers to insurance policy dividends."
                }
              ]
            }
          },
          "outcome": {
            "if_false_positive": {
              "stepResult": "COMPLIANT",
              "action": "stop",
              "reason": "Claim refers to non-insurance dividends and is not subject to NAIC regulation."
            },
            "if_not_false_positive": {
              "stepResult": "NOT_FALSE_POSITIVE",
              "action": "continue",
              "next_step": "step_2",
              "reason": "Claim refers to insurance dividends, requiring further verification."
            }
          }
        },
        {
          "step": "2",
          "name": "Disclosure Check",
          "objective": "Verify if the flagged claim is accompanied by an adequate footnote or disclosure clarifying the tax implications of dividends.",
          "instructions": {
            "evaluate_disclosure": {
              "criteria": [
                "Disclosure must be clearly linked to the claim (e.g., via asterisk, numbered footnote).",
                "Disclosure must be prominent (not buried in fine print or unrelated sections).",
                "Disclosure must advise consulting a tax advisor or indicate dividends may be taxable.",
                "A vague footnote (e.g., '*See policy details') is inadequate unless it explicitly addresses tax implications."
              ],
              "examples": [
                {
                  "claim": "Earn tax-free dividends from our whole life policy.*",
                  "disclosure": "*Dividends may be taxable; consult a tax advisor.",
                  "is_adequate": "Yes",
                  "reason": "Disclosure is linked, prominent, and advises consulting a tax advisor."
                },
                {
                  "claim": "Our dividend-paying policies offer tax-free benefits.",
                  "disclosure": "None",
                  "is_adequate": "No",
                  "reason": "No disclosure provided to clarify tax implications."
                },
                {
                  "claim": "Earn tax-free dividends.*",
                  "disclosure": "*See policy details.",
                  "is_adequate": "No",
                  "reason": "Disclosure is vague and does not address tax implications."
                }
              ]
            }
          },
          "outcome": {
            "if_disclosure_present_and_adequate": {
              "stepResult": "COMPLIANT",
              "action": "stop",
              "reason": "Claim is accompanied by an adequate disclosure clarifying tax implications."
            },
            "if_no_disclosure_or_inadequate": {
              "stepResult": "NON_COMPLIANT",
              "action": "stop",
              "reason": "Claim lacks an adequate disclosure or has no disclosure addressing tax implications."
            }
          }
        }
      ]
    }
  },
  "output_format": {
    "description": "Return the results in a structured JSON format, first listing all potential violations, then providing verification results for each flagged claim, including stepResult and action for each step, stopping when a definitive result is reached.",
    "structure": {
      "phase_1_results": {
        "potential_violations": [
          "Text of flagged claim 1",
          "Text of flagged claim 2"
        ],
        "stepResult": "NOT_APPLICABLE/DIVIDEND_ABSENT/POTENTIAL_VIOLATIONS_FOUND",
        "action": "stop/continue",
        "reason": "Explanation of why no claims were found, why only dividend claims without tax terms were found, or why claims were flagged"
      },
      "phase_2_results": [
        {
          "claim": "Text of the flagged claim",
          "triggered": "Yes",
          "steps": [
            {
              "step_name": "False Positive Check",
              "stepResult": "COMPLIANT/NOT_FALSE_POSITIVE",
              "action": "stop/continue",
              "details": {
                "is_false_positive": "Yes/No",
                "category": "Insurance Context/Non-Insurance Context",
                "reason": "Explanation of why the claim is/isn’t a false positive based on document context"
              }
            },
            {
              "step_name": "Disclosure Check",
              "stepResult": "COMPLIANT/NON_COMPLIANT/Not Applicable",
              "action": "stop/Not Applicable",
              "details": {
                "is_adequate": "Yes/No/Not Applicable",
                "disclosure": "Text of disclosure or 'None' if not applicable",
                "reason": "Explanation of disclosure adequacy"
              }
            }
          ],
          "final_status": "COMPLIANT/NON_COMPLIANT",
          "overall_reason": "Summary of why the claim is COMPLIANT or NON_COMPLIANT"
        }
      ]
    }
  },
  "marketing_material": "{marketing_material}"
}