{
  "task": "Analyze text-only marketing material for compliance with NAIC rules regarding full name of insurance company at document level",
  "instructions": {
    "phase_1_name_identification": {
      "objective": "Scan the entire text content of the marketing material to identify the presence of the insurance company’s full legal name and catalog all references to the company’s name, including variations, abbreviations, nicknames, or omissions, and summarize usage patterns.",
      "steps": [
        {
          "action": "Identify all references to the insurance company’s name in the text.",
          "criteria": {
            "name_references": [
              {
                "type": "Full Legal Name",
                "description": "Exact name as registered with the state insurance department",
                "example": "Acme Insurance Company, Inc."
              },
              {
                "type": "Abbreviation",
                "description": "Shortened forms of the legal name",
                "example": "Acme Insurance"
              },
              {
                "type": "Nickname/Trade Name",
                "description": "Marketing aliases or unregistered names",
                "example": "Acme Protect"
              },
              {
                "type": "Ambiguous Reference",
                "description": "Vague terms not clearly tied to the legal name",
                "example": "The Company, We, Our Insurance"
              },
              {
                "type": "Omission",
                "description": "Absence of any name in a context where it’s expected",
                "example": "Policy description with no insurer name"
              }
            ],
            "key_sections": [
              "Headers or introductory text",
              "Policy descriptions or summaries",
              "Disclaimers or legal disclosures",
              "Contact information sections",
              "Footers or closing text"
            ]
          },
          "examples": [
            "Acme Insurance Company, Inc. is your trusted provider.",
            "Acme Insurance offers the best rates.",
            "Trust Acme Protect for your coverage needs.",
            "Policy issued by The Company.",
            "[No name in policy description]."
          ]
        },
        {
          "action": "Summarize name usage patterns and flag potential issues.",
          "instructions": {
            "summarize": "Compile a list of all name references, noting their type, frequency, and context (e.g., section of the text).",
            "flag_issues": {
              "conditions": [
                "No full legal name found in the text.",
                "Use of abbreviations, nicknames, or ambiguous terms without clarification (e.g., no footnote or definition linking to full name).",
                "Omission of any name in key sections (e.g., policy descriptions, disclaimers)."
              ]
            }
          },
          "outcome": {
            "if_no_issues_found": {
              "stepResult": "NO_ISSUES_FOUND",
              "action": "stop",
              "reason": "Full legal name is present in a relevant section, and all variations are clarified."
            },
            "if_issues_flagged": {
              "stepResult": "POTENTIAL_ISSUES_FOUND",
              "action": "continue",
              "next_step": "phase_2_compliance_verification"
            }
          }
        }
      ]
    },
    "phase_2_compliance_verification": {
      "objective": "Evaluate the text’s name usage patterns to determine compliance with NAIC rules and state regulations, stopping immediately upon reaching a definitive COMPLIANT or NON_COMPLIANT result, and only proceeding to additional checks if needed to confirm compliance.",
      "steps": [
        {
          "step": "1",
          "name": "Presence Check",
          "objective": "Confirm the presence of the insurance company’s full legal name in at least one relevant section of the text.",
          "instructions": {
            "evaluate_presence": {
              "criteria": [
                "The full legal name must appear at least one time in a key section (e.g., header, footer, disclaimer, policy summary).",
                "The name must match the registered name with the state insurance department."
              ],
              "verification": {
                "description": "Check headers, footers, disclaimers, policy descriptions, and other text sections for the full name. Cross-reference with state insurance department records if referenced in the text."
              }
            },
            "examples": [
              {
                "pattern": "Full name 'Acme Insurance Company, Inc.' in disclaimer.",
                "is_present": "Yes",
                "context": "Relevant section"
              },
              {
                "pattern": "No full name; only 'Acme Insurance' used.",
                "is_present": "No",
                "context": "No full name found"
              }
            ]
          },
          "outcome": {
            "if_present": {
              "stepResult": "NAME_PRESENT",
              "action": "continue",
              "next_step": "step_2 variation_check"
            },
            "if_not_present": {
              "stepResult": "NOT_PRESENT",
              "action": "stop",
              "final_status": "NON_COMPLIANT",
              "overall_reason": "No full legal name found in the text, violating NAIC transparency requirements."
            }
          }
        },
        {
          "step": "2",
          "name": "Variation Check",
          "objective": "Verify that any abbreviations, nicknames, or ambiguous references in the text are clearly linked to the full legal name to avoid consumer confusion.",
          "instructions": {
            "evaluate_variations": {
              "general": "Review the text for all name references (abbreviations, nicknames, ambiguous terms) and check for clarifications (e.g., footnotes, parenthetical definitions, or disclaimers).",
              "requirements": [
                "Abbreviations or nicknames must be defined as referring to the full legal name (e.g., 'Acme Insurance, a division of Acme Insurance Company, Inc.').",
                "Ambiguous terms (e.g., 'The Company') must be clarified in the same section or a clear disclaimer.",
                "Variations must not imply a different or unlicensed entity."
              ],
              "conditions": "Ensure compliance with NAIC guidelines (e.g., MC-10 Insurance Fraud Prevention Laws) and state rules (e.g., trade name approval requirements) for clear insurer identification."
            },
            "examples": [
              {
                "pattern": "'Acme Insurance' used throughout, with disclaimer: 'Acme Insurance refers to Acme Insurance Company, Inc.'",
                "is_clarified": "Yes",
                "evidence": "Disclaimer clarification"
              },
              {
                "pattern": "'Acme Protect' used without definition.",
                "is_clarified": "No",
                "evidence": "No clarification"
              },
              {
                "pattern": "'The Company' used in policy description without context.",
                "is_clarified": "No",
                "evidence": "No definition"
              }
            ]
          },
          "outcome": {
            "if_all_variations_clarified": {
              "stepResult": "COMPLIANT",
              "action": "stop",
              "final_status": "COMPLIANT",
              "overall_reason": "Full legal name present and all variations clarified, meeting NAIC transparency requirements."
            },
            "if_variations_not_clarified": {
              "stepResult": "VARIATIONS_NOT_CLARIFIED",
              "action": "stop",
              "final_status": "NON_COMPLIANT",
              "overall_reason": "Undefined variations or ambiguous terms used without clarification, potentially confusing consumers."
            }
          }
        }
      ]
    }
  },
  "output_format": {
    "description": "Return the results in a structured JSON format, summarizing name usage patterns and potential issues in the text, followed by verification results for compliance, including stepResult and action for each step, stopping when a definitive COMPLIANT or NON_COMPLIANT result is reached.",
    "structure": {
      "phase_1_results": {
        "name_usage_summary": {
          "full_legal_name": {
            "present": "Yes/No",
            "locations": ["Header", "Disclaimer", "Policy Description", "etc."],
            "count": "Number of occurrences"
          },
          "variations": [
            {
              "type": "Abbreviation/Nickname/Ambiguous Reference/Omission",
              "text": "Text of variation (e.g., 'Acme Insurance')",
              "locations": ["Section name", "etc."],
              "count": "Number of occurrences",
              "clarified": "Yes/No",
              "clarification_details": "Footnote, disclaimer, or None"
            }
          ]
        },
        "potential_issues": [
          "Description of issue 1 (e.g., 'No full legal name found')",
          "Description of issue 2 (e.g., 'Undefined nickname Acme Protect used')"
        ],
        "stepResult": "NO_ISSUES_FOUND/POTENTIAL_ISSUES_FOUND",
        "action": "stop/continue",
        "reason": "Explanation of why no issues were found or why issues were flagged"
      },
      "phase_2_results": {
        "steps": [
          {
            "step_name": "Presence Check",
            "stepResult": "NAME_PRESENT/NOT_PRESENT/Not Applicable",
            "action": "stop/continue/Not Applicable",
            "details": {
              "is_present": "Yes/No/Not Applicable",
              "locations": ["Header", "Disclaimer", "etc."],
              "reason": "Explanation of presence result"
            }
          },
          {
            "step_name": "Variation Check",
            "stepResult": "COMPLIANT/VARIATIONS_NOT_CLARIFIED/Not Applicable",
            "action": "stop/Not Applicable",
            "details": {
              "is_clarified": "Yes/No/Partial/Not Applicable",
              "evidence_found": "Description of clarifications (e.g., footnotes, disclaimers) or 'None'",
              "reason": "Explanation of variation clarification result"
            }
          }
        ],
        "final_status": "COMPLIANT/NON_COMPLIANT",
        "overall_reason": "Summary of why the text is COMPLIANT or NON_COMPLIANT"
      }
    }
  },
  "marketing_material": "{marketing_material}"
}