{
  "task": "Analyze marketing material PDF for compliance with NAIC guaranteed issue advertising rules",
  "instructions": {
    "phase_1_trigger_identification": {
      "objective": "Scan the entire marketing material PDF (text, images, tables, charts, and visual elements) to identify sentences or claims containing guaranteed issue indicators, and output them as a list of flagged claims.",
      "steps": [
        {
          "action": "Identify claims containing guaranteed issue indicators.",
          "criteria": {
            "guaranteed_issue_indicators": [
              "Guaranteed Issue",
              "Guaranteed Acceptance",
              "No health questions",
              "You cannot be turned down",
              "No matter your health, you can get this coverage",
              "Guaranteed Insurance Coverage"
            ]
          },
          "examples": [
            "Our Guaranteed Issue policy ensures coverage for all applicants.",
            "With Guaranteed Acceptance, you’re covered no matter your health.",
            "No health questions asked for our life insurance product.",
            "You cannot be turned down for this policy.",
            "No matter your health, you can get this coverage.",
            "Guaranteed Insurance Coverage for everyone."
          ]
        },
        {
          "action": "Compile a list of flagged claims as potential violations.",
          "outcome": {
            "if_no_claims_found": {
              "stepResult": "NOT_APPLICABLE",
              "action": "stop"
            },
            "if_claims_flagged": {
              "stepResult": "POTENTIAL_VIOLATIONS_FOUND",
              "action": "continue",
              "next_step": "phase_2_trigger_verification"
            }
          }
        }
      ]
    },
    "phase_2_trigger_verification": {
      "objective": "Evaluate each flagged claim to determine NAIC rule compliance through False Positive Check and Prohibited Terms Check, stopping when a definitive result is reached for a claim.",
      "steps": [
        {
          "step": "1",
          "name": "False Positive Check",
          "objective": "Determine if a flagged claim is a false positive, not genuinely indicating a guaranteed issue product.",
          "instructions": {
            "evaluate_claim": {
              "description": "Check for negations (e.g., 'not', 'never') or context indicating the product is not guaranteed issue.",
              "categories": [
                {
                  "name": "Negated Statements",
                  "description": "Claims explicitly denying guaranteed issue",
                  "example": "This is not a Guaranteed Issue product."
                },
                {
                  "name": "Conditional Statements",
                  "description": "Claims with conditions undermining guaranteed issue",
                  "example": "No health questions, subject to underwriting approval."
                },
                {
                  "name": "General Statements",
                  "description": "Non-product-specific references",
                  "example": "Guaranteed Acceptance is a common industry term."
                }
              ]
            },
            "examples": [
              {
                "claim": "This is not a Guaranteed Issue product.",
                "is_false_positive": "Yes",
                "category": "Negated Statement"
              },
              {
                "claim": "No health questions, but subject to underwriting.",
                "is_false_positive": "Yes",
                "category": "Conditional Statement"
              },
              {
                "claim": "Our Guaranteed Issue policy ensures coverage for all.",
                "is_false_positive": "No",
                "category": "None"
              },
              {
                "claim": "You cannot be turned down for this policy.",
                "is_false_positive": "No",
                "category": "None"
              }
            ]
          },
          "outcome": {
            "if_false_positive": {
              "stepResult": "COMPLIANT",
              "action": "stop"
            },
            "if_not_false_positive": {
              "stepResult": "NOT_FALSE_POSITIVE",
              "action": "continue",
              "next_step": "step_2"
            }
          }
        },
        {
          "step": "2",
          "name": "Prohibited Terms Check",
          "objective": "Verify if the flagged claim or surrounding text contains prohibited cost-related terms or synonyms related to the guaranteed issue product’s premiums or costs.",
          "instructions": {
            "evaluate_prohibited_terms": {
              "description": "Check the entire document for prohibited terms or synonyms implying low cost, ensuring they relate to the guaranteed issue product.",
              "prohibited_terms": [
                "Inexpensive",
                "Low cost",
                "Low expense",
                "Budget",
                "Affordable"
              ],
              "prohibited_synonyms": [
                "Economical",
                "Premiums are less than you may think",
                "Premiums do not increase over time",
                "Flexible premium options",
                "We have lowered our premiums",
                "Lowest premiums we have offered"
              ],
              "conditions": "Terms must be tied to the guaranteed issue product’s premiums or costs to be considered violations."
            },
            "examples": [
              {
                "claim": "Our Guaranteed Issue policy is a low cost solution.",
                "is_violation": "Yes",
                "prohibited_term": "Low cost",
                "context": "Directly tied to guaranteed issue product"
              },
              {
                "claim": "Guaranteed Acceptance with affordable premiums.",
                "is_violation": "Yes",
                "prohibited_term": "Affordable",
                "context": "Refers to guaranteed issue product premiums"
              },
              {
                "claim": "No health questions for our policy, with flexible premium options.",
                "is_violation": "Yes",
                "prohibited_term": "Flexible premium options",
                "context": "Implies cost flexibility for guaranteed issue product"
              },
              {
                "claim": "You cannot be turned down for this policy.",
                "is_violation": "No",
                "prohibited_term": "None",
                "context": "No cost-related terms found"
              }
            ]
          },
          "outcome": {
            "if_no_violations": {
              "stepResult": "COMPLIANT",
              "action": "stop"
            },
            "if_violations_found": {
              "stepResult": "NON_COMPLIANT",
              "action": "stop"
            }
          }
        }
      ]
    }
  },
  "output_format": {
    "description": "Return the results in a structured JSON format, first listing all potential violations, then providing verification results for each flagged claim, including stepResult and action for each step, stopping when a definitive result is reached.",
    "structure": {
      "phase_1_results": {
        "potential_violations": [
          "Text of flagged claim 1",
          "Text of flagged claim 2"
        ],
        "stepResult": "NOT_APPLICABLE/POTENTIAL_VIOLATIONS_FOUND",
        "action": "stop/continue",
        "reason": "Explanation of why no claims were found or why claims were flagged"
      },
      "phase_2_results": [
        {
          "claim": "Text of the flagged claim",
          "triggered": "Yes",
          "steps": [
            {
              "step_name": "False Positive Check",
              "stepResult": "COMPLIANT/NOT_FALSE_POSITIVE/Not Applicable",
              "action": "stop/continue/Not Applicable",
              "details": {
                "is_false_positive": "Yes/No/Not Applicable",
                "category": "Negated Statement/Conditional Statement/General Statement/None",
                "reason": "Explanation of why it is/isn’t a false positive based on document context"
              }
            },
            {
              "step_name": "Prohibited Terms Check",
              "stepResult": "COMPLIANT/NON_COMPLIANT/Not Applicable",
              "action": "stop/Not Applicable",
              "details": {
                "is_violation": "Yes/No/Not Applicable",
                "prohibited_term": "Term or synonym found or 'None' if not applicable",
                "context": "Explanation of how the term relates to the guaranteed issue product or 'None' if not applicable",
                "reason": "Explanation of violation result"
              }
            }
          ],
          "final_status": "COMPLIANT/NON_COMPLIANT",
          "overall_reason": "Summary of why the claim is COMPLIANT or NON_COMPLIANT"
        }
      ]
    }
  },
  "marketing_material": "{marketing_material}"
}