{
  "task": "Analyze marketing material PDF for compliance with NAIC simplified underwriting rule",
  "instructions": {
    {
      "phase_1_trigger_identification": {
        "objective": "Scan the entire marketing material PDF (text, images, tables, charts, and visual elements) to identify sentences or claims containing underwriting-related terms suggesting simplified underwriting or guaranteed issuance, and output them as a list.",
        "underwriting_description": {
          "definition": "Underwriting is the process by which an insurance company evaluates an applicant's eligibility for coverage, determines the terms of the policy (e.g., premiums, coverage amount), and assesses risk based on factors such as health, age, lifestyle, or medical history. In the context of this rule, underwriting-related claims typically involve statements about the requirements for obtaining a policy, such as whether a medical exam, health questions, or medical records are needed to qualify for coverage.",
          "key_aspects": [
            "Focuses on applicant evaluation for policy issuance.",
            "Involves criteria like medical exams, health questionnaires, or medical records.",
            "Determines premiums, coverage limits, or eligibility.",
            "Excludes processes like claims processing (e.g., submitting medical records for claims) or descriptions of policy benefits (e.g., how benefits are paid out)."
          ],
          "context_clarification": "Claims about underwriting typically describe how an applicant can qualify for a policy (e.g., 'no medical exam required' or 'simplified underwriting'). They should not be confused with unrelated statements about understanding policies, processing claims, or general benefits of insurance."
        },
        "steps": [
          {
            "action": "Identify claims with underwriting-related terms or guaranteed issuance terms.",
            "criteria": {
              "underwriting_terms": [
                "non-medical",
                "no medical exam",
                "no exam",
                "no medical examination required",
                "simplified underwriting",
                "quick approval"
              ],
              "guaranteed_issuance_terms": [
                "guarantee issue",
                "guaranteed acceptance",
                "guaranteed coverage"
              ]
            },
            "context_check": {
              "description": "Ensure terms relate to the underwriting process as defined above (applicant evaluation for eligibility, premiums, or coverage terms). Exclude terms in unrelated contexts (e.g., claims processing, benefits, or general statements). Use the underwriting description to guide identification of relevant claims.",
              "ambiguity_handling": "For vague terms like 'simplified underwriting,' check the surrounding paragraph to confirm they imply 'no medical exam' or relate to applicant evaluation. If unclear, exclude to avoid false positives."
            },
            "examples": [
              {
                "claim": "Get life insurance with no medical exam required!",
                "qualifies": "Yes",
                "reason": "Directly tied to underwriting process (applicant evaluation without a medical exam)."
              },
              {
                "claim": "Non-medical underwriting means quick approval.",
                "qualifies": "Yes",
                "reason": "Implies simplified underwriting for policy issuance."
              },
              {
                "claim": "No medical training needed to understand our benefits.",
                "qualifies": "No",
                "reason": "Unrelated to underwriting; about understanding policy benefits."
              },
              {
                "claim": "No medical records needed for claims.",
                "qualifies": "No",
                "reason": "Relates to claims processing, not underwriting."
              },
              {
                "claim": "Guaranteed acceptance for all applicants!",
                "qualifies": "Yes",
                "reason": "Indicates guaranteed issuance, negating underwriting disclosure requirements."
              }
            ]
          },
          {
            "action": "Compile a list of flagged claims as potential violations.",
            "outcome": {
              "if_no_claims_found": {
                "stepResult": "NOT_APPLICABLE",
                "action": "stop"
              },
              "if_claims_flagged": {
                "stepResult": "POTENTIAL_VIOLATIONS_FOUND",
                "action": "continue",
                "next_step": "phase_2_trigger_verification"
              }
            }
          }
        ]
      }
    },
    "phase_2_trigger_verification": {
      "objective": "Evaluate each flagged claim to determine NAIC rule compliance through False Positive Check, Guaranteed Issuance Check, and Disclosure Substantiation Check, stopping when a definitive result is reached for a claim.",
      "steps": [
        {
          "step": "1",
          "name": "False Positive Check",
          "objective": "Determine if a flagged claim is a false positive, unrelated to the underwriting process for policy issuance.",
          "instructions": {
            "evaluate_claim": {
              "description": "Confirm whether the flagged underwriting-related terms are linked to applicant evaluation for eligibility, premiums, or coverage terms. Check the sentence and surrounding paragraph for context.",
              "categories": [
                {
                  "name": "Claims Processing",
                  "description": "Statements about processing claims",
                  "example": "No medical records needed for claims."
                },
                {
                  "name": "Benefits Description",
                  "description": "Statements about policy benefits",
                  "example": "No medical training needed to understand our benefits."
                },
                {
                  "name": "General Statements",
                  "description": "Unrelated to underwriting",
                  "example": "Our process is simplified for your convenience."
                }
              ]
            },
            "examples": [
              {
                "claim": "No medical exam required to get coverage.",
                "is_false_positive": "No",
                "category": "None",
                "reason": "Tied to underwriting process."
              },
              {
                "claim": "No medical documentation needed for claims.",
                "is_false_positive": "Yes",
                "category": "Claims Processing",
                "reason": "Related to claims, not underwriting."
              },
              {
                "claim": "Non-medical underwriting means quick approval.",
                "is_false_positive": "No",
                "category": "None",
                "reason": "Implies simplified underwriting."
              }
            ]
          },
          "outcome": {
            "if_false_positive": {
              "stepResult": "COMPLIANT",
              "action": "stop"
            },
            "if_not_false_positive": {
              "stepResult": "NOT_FALSE_POSITIVE",
              "action": "continue",
              "next_step": "step_2"
            }
          }
        },
        {
          "step": "2",
          "name": "Guaranteed Issuance Check",
          "objective": "Verify if the marketing material indicates guaranteed issuance, negating disclosure requirements.",
          "instructions": {
            "evaluate_guaranteed_issuance": {
              "description": "Review the entire document for terms like 'guarantee issue,' 'guaranteed acceptance,' or 'guaranteed coverage,' indicating no health questions or underwriting criteria are required.",
              "evidence_types": [
                "Explicit statements in text",
                "Policy terms in footnotes or appendices",
                "Visual elements suggesting guaranteed issuance"
              ]
            },
            "examples": [
              {
                "claim": "Guaranteed acceptance for all applicants!",
                "is_guaranteed_issuance": "Yes",
                "evidence": "Explicit statement in text."
              },
              {
                "claim": "No medical exam required to get coverage.",
                "is_guaranteed_issuance": "No",
                "evidence": "No mention of guaranteed issuance terms."
              }
            ]
          },
          "outcome": {
            "if_guaranteed_issuance": {
              "stepResult": "COMPLIANT",
              "action": "stop"
            },
            "if_no_guaranteed_issuance": {
              "stepResult": "NO_GUARANTEED_ISSUANCE",
              "action": "continue",
              "next_step": "step_3"
            }
          }
        },
        {
          "step": "3",
          "name": "Disclosure Substantiation Check",
          "objective": "Assess if the flagged claim includes a clear and prominent disclosure about health questions or medical records required for policy issuance or premiums.",
          "instructions": {
            "evaluation_steps": [
              "Check the flagged sentence and surrounding paragraph for a disclosure stating that policy issuance or premiums may depend on health questions or medical records.",
              "Ensure the disclosure is specific (e.g., 'Coverage depends on answers to health questions').",
              "Verify prominence (e.g., in the same sentence, nearby paragraph, or clearly visible text, not in small print or distant sections).",
              "Review footnotes, appendices, or visual elements for additional context."
            ],
            "examples": [
              {
                "claim": "No medical exam required, but you’ll answer a few health questions.",
                "is_substantiated": "Yes",
                "evidence": "Clear disclosure in the same sentence."
              },
              {
                "claim": "No medical exam needed!",
                "is_substantiated": "No",
                "evidence": "No mention of health questions."
              },
              {
                "claim": "Non-medical underwriting means quick approval.",
                "is_substantiated": "No",
                "evidence": "No disclosure about health questions in surrounding text."
              }
            ]
          },
          "outcome": {
            "if_substantiated": {
              "stepResult": "COMPLIANT",
              "action": "stop"
            },
            "if_not_substantiated": {
              "stepResult": "NON_COMPLIANT",
              "action": "stop"
            }
          }
        }
      ]
    }
  },
  "output_format": {
    "description": "Return the results in a structured JSON format, first listing all potential violations, then providing verification results for each flagged claim, including stepResult and action for each step, stopping when a definitive result is reached.",
    "structure": {
      "phase_1_results": {
        "potential_violations": [
          "Text of flagged claim 1",
          "Text of flagged claim 2"
        ],
        "stepResult": "NOT_APPLICABLE/POTENTIAL_VIOLATIONS_FOUND",
        "action": "stop/continue",
        "reason": "Explanation of why no claims were found or why claims were flagged"
      },
      "phase_2_results": [
        {
          "claim": "Text of the flagged claim",
          "triggered": "Yes",
          "steps": [
            {
              "step_name": "False Positive Check",
              "stepResult": "COMPLIANT/NOT_FALSE_POSITIVE/Not Applicable",
              "action": "stop/continue/Not Applicable",
              "details": {
                "is_false_positive": "Yes/No/Not Applicable",
                "category": "Claims Processing/Benefits Description/General Statements/None",
                "reason": "Explanation of why it is/isn’t a false positive based on document context"
              }
            },
            {
              "step_name": "Guaranteed Issuance Check",
              "stepResult": "COMPLIANT/NO_GUARANTEED_ISSUANCE/Not Applicable",
              "action": "stop/continue/Not Applicable",
              "details": {
                "is_guaranteed_issuance": "Yes/No/Not Applicable",
                "evidence_found": "Description of evidence (e.g., explicit statement) or 'None' if not applicable",
                "reason": "Explanation of guaranteed issuance result"
              }
            },
            {
              "step_name": "Disclosure Substantiation Check",
              "stepResult": "COMPLIANT/NON_COMPLIANT/Not Applicable",
              "action": "stop/Not Applicable",
              "details": {
                "is_substantiated": "Yes/No/Not Applicable",
                "evidence_found": "Description of disclosure (e.g., health questions mentioned) or 'None' if not applicable",
                "reason": "Explanation of substantiation result"
              }
            }
          ],
          "final_status": "COMPLIANT/NON_COMPLIANT",
          "overall_reason": "Summary of why the claim is COMPLIANT or NON_COMPLIANT"
        }
      ]
    }
  },
  "marketing_material": "{marketing_material}"
}