{
  "task": "Analyze marketing material PDF for compliance with NAIC rules on location-based claims",
  "instructions": {
    "phase_1_trigger_identification": {
      "objective": "Scan the entire marketing material PDF (text, images, tables, charts, and visual elements) to identify all sentences or claims referencing specific geographic locations, availability, or performance metrics tied to locations that may indicate potential NAIC rule violations, and output them as a list.",
      "steps": [
        {
          "action": "Identify claims referencing geographic locations or location-based attributes.",
          "criteria": {
            "location_references": [
              "state names (e.g., California, Texas)",
              "regions (e.g., Northeast, Midwest)",
              "cities or counties (e.g., Miami, Cook County)",
              "market-specific terms (e.g., 'in your state', 'nationwide', 'local market')",
              "geographic performance claims (e.g., 'top in Texas', 'best rates in the Southeast')"
            ],
            "location_based_terms": [
              "available in all states",
              "state-approved coverage",
              "nationwide coverage",
              "guaranteed availability in [location]",
              "lowest rates in [location]",
              "top provider in [location]",
              "exclusive to [location]",
              "meets all [location] regulations",
              "best plan for [location] residents",
              "no restrictions in [location]"
            ],
            "potentially_problematic_phrasing": [
              "absolute claims (e.g., 'only provider in [location]', 'always available in [location]')",
              "superlatives tied to location (e.g., 'best in [location]', 'most trusted in [location]')",
              "implied universal availability (e.g., 'everywhere in the U.S.')",
              "claims ignoring state-specific restrictions (e.g., 'same benefits in every state')"
            ]
          },
          "examples": [
            "We offer the best rates in California.",
            "Our policies are available in all 50 states.",
            "Guaranteed availability in Texas with no restrictions.",
            "Top provider in the Northeast for life insurance.",
            "Nationwide coverage with no exceptions.",
            "Lowest premiums in Miami-Dade County.",
            "Exclusive plans for New York residents.",
            "Meets all Florida regulations for annuities.",
            "We’re the only provider in Ohio offering this plan.",
            "Same benefits everywhere in the U.S."
          ]
        },
        {
          "action": "Compile a list of flagged claims as potential violations.",
          "outcome": {
            "if_no_claims_found": {
              "stepResult": "NOT_APPLICABLE",
              "action": "stop"
            },
            "if_claims_flagged": {
              "stepResult": "POTENTIAL_VIOLATIONS_FOUND",
              "action": "continue",
              "next_step": "phase_2_trigger_verification"
            }
          }
        }
      ]
    },
    "phase_2_trigger_verification": {
      "objective": "Evaluate each flagged location-based claim to determine NAIC rule compliance through False Positive Check, Substantiation Check, and Misleading Context Check, stopping when a definitive result is reached for a claim.",
      "steps": [
        {
          "step": "1",
          "name": "False Positive Check",
          "objective": "Determine if a flagged claim is a false positive, unrelated to product/service availability or performance, or accurately references location-specific terms.",
          "instructions": {
            "evaluate_claim": {
              "categories": [
                {
                  "name": "General Location References",
                  "description": "Non-product-related mentions of locations",
                  "example": "Our headquarters are in Texas."
                },
                {
                  "name": "Testimonials",
                  "description": "Customer quotes tied to locations",
                  "example": "Sarah from Florida loves our service!"
                },
                {
                  "name": "Marketing Taglines",
                  "description": "Broad promotional phrases with locations",
                  "example": "Serving Texas with pride!"
                },
                {
                  "name": "Historical Facts",
                  "description": "Objective company facts tied to locations",
                  "example": "Founded in California in 1985."
                },
                {
                  "name": "General Slogans",
                  "description": "Broad phrases with location references",
                  "example": "Always here for the Midwest!"
                },
                {
                  "name": "Educational Statements",
                  "description": "General knowledge about insurance in a location",
                  "example": "Life insurance is critical in high-cost states like New York."
                },
                {
                  "name": "Hypothetical Statements",
                  "description": "Conditional location-based claims",
                  "example": "You could get great coverage in California."
                },
                {
                  "name": "Consumer Invitations",
                  "description": "Location-based offers of support",
                  "example": "Call us from anywhere in the U.S.!"
                },
                {
                  "name": "Descriptive Adjectives",
                  "description": "Non-product superlatives tied to locations",
                  "example": "Our most dedicated team is in Chicago."
                },
                {
                  "name": "Legal Disclosures",
                  "description": "Required location-specific statements",
                  "example": "Policies comply with Texas insurance laws."
                }
              ],
              "location_specific_terms": {
                "description": "Verify if terms like 'available in all states' align with policy terms or regulatory approvals in the document (e.g., footnotes, state-specific disclosures).",
                "condition": "If supported and not exaggerated, mark as false positive."
              }
            },
            "examples": [
              {
                "claim": "Our office is located in Texas!",
                "is_false_positive": "Yes",
                "category": "General Location Reference"
              },
              {
                "claim": "Customers in Florida say we’re the best!",
                "is_false_positive": "Yes",
                "category": "Testimonial"
              },
              {
                "claim": "Available in all states, as approved by state regulators.",
                "is_false_positive": "Yes",
                "category": "Accurate Location-Specific Term"
              },
              {
                "claim": "We offer the best rates in California.",
                "is_false_positive": "No",
                "category": "None"
              },
              {
                "claim": "Nationwide coverage with no exceptions.",
                "is_false_positive": "No",
                "category": "None"
              }
            ]
          },
          "outcome": {
            "if_false_positive": {
              "stepResult": "COMPLIANT",
              "action": "stop"
            },
            "if_not_false_positive": {
              "stepResult": "NOT_FALSE_POSITIVE",
              "action": "continue",
              "next_step": "step_2"
            }
          }
        },
        {
          "step": "2",
          "name": "Substantiation Check",
          "objective": "Verify if the flagged location-based claim is substantiated with evidence or a clear basis for comparison within the marketing material.",
          "instructions": {
            "evaluate_substantiation": {
              "general": "Check the entire document (footnotes, appendices, referenced reports, state-specific disclosures) for supporting evidence.",
              "location_references": {
                "description": "Confirm evidence for claims tied to specific locations.",
                "evidence_types": [
                  "State regulatory approvals (e.g., policy approved in named state)",
                  "Market data (e.g., rate comparisons for the region)",
                  "Third-party rankings (e.g., top insurer in [location] by AM Best)",
                  "Policy terms specifying availability or benefits in the location"
                ],
                "conditions": "Evidence must be specific to the location, verifiable, and include relevant limitations (e.g., state-specific restrictions)."
              },
              "location_based_terms": {
                "description": "Verify factual accuracy for terms like 'available in all states' or 'lowest rates in [location]'.",
                "evidence_types": [
                  "Policy terms",
                  "State-specific disclosures",
                  "Market comparison data",
                  "Regulatory filings"
                ],
                "conditions": "Ensure clear disclosure of conditions, such as state exclusions or eligibility criteria."
              }
            },
            "examples": [
              {
                "claim": "Lowest rates in Texas, based on 2023 Texas Insurance Market Report.",
                "is_substantiated": "Yes",
                "evidence": "2023 Texas Insurance Market Report"
              },
              {
                "claim": "Available in all states, as approved by state regulators.",
                "is_substantiated": "Yes",
                "evidence": "State regulatory approvals listed in appendix"
              },
              {
                "claim": "Best rates in California.",
                "is_substantiated": "No",
                "evidence": "None"
              },
              {
                "claim": "Nationwide coverage with no exceptions.",
                "is_substantiated": "No",
                "evidence": "None"
              }
            ]
          },
          "outcome": {
            "if_substantiated": {
              "stepResult": "COMPLIANT",
              "action": "stop"
            },
            "if_not_substantiated": {
              "stepResult": "NOT_SUBSTANTIATED",
              "action": "continue",
              "next_step": "step_3"
            }
          }
        },
        {
          "step": "3",
          "name": "Misleading Context Check",
          "objective": "Assess if the flagged location-based claim could mislead the average consumer based on its presentation and context within the marketing material.",
          "instructions": {
            "evaluation_steps": [
              "Identify the claim’s wording and presentation (e.g., bold text, prominent placement).",
              "Review surrounding text, disclaimers, footnotes, appendices, or visual elements for explanations, conditions, or limitations (e.g., state-specific exclusions).",
              "Assess how an average consumer with no specialized knowledge would interpret the claim. Would they expect availability or benefits not offered in their location?",
              "Check if conditions or exceptions (e.g., state-specific regulations, availability restrictions) are clearly disclosed and noticeable (not in small print or unclear language).",
              "Verify that supporting elements (e.g., maps, charts, state lists) are clear, relevant, and tied to the claim without creating a false impression.",
              "Evaluate the overall impression. Does the claim exaggerate availability, hide restrictions, or imply uniform benefits across locations?"
            ],
            "location_specific_terms": {
              "description": "Ensure terms like 'nationwide coverage' do not imply availability or benefits in states where the product is not offered or restricted."
            },
            "consumer_perspective": {
              "description": "Consider if the claim creates unrealistic expectations or misrepresents product availability in a way that affects consumer decisions."
            },
            "examples": [
              {
                "claim": "Nationwide coverage with no exceptions.",
                "is_misleading": "Yes",
                "consumer_impression": "Available in every state without restrictions",
                "context_issues": "No disclosure of state-specific exclusions"
              },
              {
                "claim": "Best rates in California.",
                "is_misleading": "Yes",
                "consumer_impression": "Lowest rates guaranteed in California",
                "context_issues": "Lacks evidence or comparison basis"
              },
              {
                "claim": "Available in all states, subject to state regulatory approval.",
                "is_misleading": "No",
                "consumer_impression": "Availability with clear conditions",
                "context_issues": "None"
              },
              {
                "claim": "Top provider in Texas, based on 2023 AM Best rankings.",
                "is_misleading": "No",
                "consumer_impression": "Top ranking with evidence",
                "context_issues": "None"
              }
            ]
          },
          "outcome": {
            "if_not_misleading": {
              "stepResult": "COMPLIANT",
              "action": "stop"
            },
            "if_misleading": {
              "stepResult": "NON_COMPLIANT",
              "action": "stop"
            }
          }
        }
      ]
    }
  },
  "output_format": {
    "description": "Return the results in a structured JSON format, first listing all potential location-based violations, then providing verification results for each flagged claim, including stepResult and action for each step, stopping when a definitive result is reached.",
    "structure": {
      "phase_1_results": {
        "potential_violations": [
          "Text of flagged claim 1",
          "Text of flagged claim 2"
        ],
        "stepResult": "NOT_APPLICABLE/POTENTIAL_VIOLATIONS_FOUND",
        "action": "stop/continue",
        "reason": "Explanation of why no claims were found or why claims were flagged"
      },
      "phase_2_results": [
        {
          "claim": "Text of the flagged claim",
          "triggered": "Yes",
          "steps": [
            {
              "step_name": "False Positive Check",
              "stepResult": "COMPLIANT/NOT_FALSE_POSITIVE/Not Applicable",
              "action": "stop/continue/Not Applicable",
              "details": {
                "is_false_positive": "Yes/No/Not Applicable",
                "category": "General Location Reference/Testimonial/Marketing Tagline/etc. or None",
                "reason": "Explanation of why it is/isn’t a false positive based on document context"
              }
            },
            {
              "step_name": "Substantiation Check",
              "stepResult": "COMPLIANT/NOT_SUBSTANTIATED/Not Applicable",
              "action": "stop/continue/Not Applicable",
              "details": {
                "is_substantiated": "Yes/No/Partial/Not Applicable",
                "evidence_found": "Description of evidence (e.g., state approvals, market data) or 'None' if not applicable",
                "reason": "Explanation of substantiation result"
              }
            },
            {
              "step_name": "Misleading Context Check",
              "stepResult": "COMPLIANT/NON_COMPLIANT/Not Applicable",
              "action": "stop/Not Applicable",
              "details": {
                "is_misleading": "Yes/No/Not Applicable",
                "consumer_impression": "How an average consumer might interpret the claim",
                "context_issues": "Issues with presentation, disclaimers, or clarity, or 'None' if not applicable",
                "reason": "Explanation of misleading result"
              }
            }
          ],
          "final_status": "COMPLIANT/NON_COMPLIANT",
          "overall_reason": "Summary of why the claim is COMPLIANT or NON_COMPLIANT"
        }
      ]
    }
  },
  "marketing_material": "{marketing_material}"
}