{
  "task": "Analyze marketing material PDF for compliance with NAIC rules on pressure tactics",
  "instructions": {
    "phase_1_trigger_identification": {
      "objective": "Scan the entire marketing material PDF (text, images, tables, charts, and visual elements) to identify all sentences, phrases, or visual elements that may indicate pressure tactics in violation of NAIC rules, and output them as a list.",
      "steps": [
        {
          "action": "Identify claims, phrases, or visual elements suggesting pressure tactics.",
          "criteria": {
            "urgency_phrases": [
              "act now", 
              "limited time offer", 
              "offer expires", 
              "don’t miss out", 
              "last chance", 
              "only available today", 
              "immediate action required", 
              "sign up now or lose your chance"
            ],
            "fear_inducing_statements": [
              "without this, your family will suffer", 
              "you’ll regret not acting", 
              "protect your loved ones before it’s too late", 
              "don’t leave your family vulnerable", 
              "you can’t afford to wait"
            ],
            "obligation_phrases": [
              "you owe it to your family", 
              "responsible parents act now", 
              "it’s your duty to protect", 
              "don’t let your family down"
            ],
            "visual_elements": [
              "countdown timers", 
              "bolded deadlines", 
              "exclamation marks emphasizing urgency", 
              "images depicting dire consequences (e.g., grieving families)"
            ]
          },
          "examples": [
            "Act now to secure your family’s future!",
            "This limited time offer expires at midnight!",
            "Don’t miss out on this exclusive deal!",
            "Without this policy, your family will suffer.",
            "You owe it to your loved ones to act today.",
            "Last chance to get coverage at this rate!",
            "A countdown timer showing ‘Offer ends in 24 hours!’",
            "Image of a grieving family with text: ‘Don’t let this happen to you.’"
          ]
        },
        {
          "action": "Compile a list of flagged claims or elements as potential violations.",
          "outcome": {
            "if_no_claims_found": {
              "stepResult": "NOT_APPLICABLE",
              "action": "stop"
            },
            "if_claims_flagged": {
              "stepResult": "POTENTIAL_VIOLATIONS_FOUND",
              "action": "continue",
              "next_step": "phase_2_trigger_verification"
            }
          }
        }
      ]
    },
    "phase_2_trigger_verification": {
      "objective": "Evaluate each flagged claim or element to determine NAIC rule compliance regarding pressure tactics through False Positive Check, Urgency Evaluation, and Coercive Language Assessment, stopping when a definitive result is reached for a claim.",
      "steps": [
        {
          "step": "1",
          "name": "False Positive Check",
          "objective": "Determine if a flagged claim or element is a false positive, unrelated to pressure tactics, or appropriately contextualized.",
          "instructions": {
            "evaluate_claim": {
              "categories": [
                {
                  "name": "General Promotions",
                  "description": "Standard marketing phrases without undue pressure",
                  "example": "Contact us today for a free quote!"
                },
                {
                  "name": "Educational Statements",
                  "description": "Informative content about insurance",
                  "example": "It’s important to plan for your family’s future."
                },
                {
                  "name": "Customer Invitations",
                  "description": "Invitations to engage without urgency",
                  "example": "We’re here when you’re ready to talk!"
                },
                {
                  "name": "Marketing Taglines",
                  "description": "Branding phrases without coercion",
                  "example": "Your peace of mind is our priority!"
                },
                {
                  "name": "Disclosed Promotions",
                  "description": "Time-sensitive offers with clear, reasonable terms",
                  "example": "Apply by March 31 to receive a 5% discount, as per policy terms."
                },
                {
                  "name": "Visual Aesthetics",
                  "description": "Graphics or images not tied to pressure",
                  "example": "Image of a happy family without urgent text."
                },
                {
                  "name": "Motivational Statements",
                  "description": "Encouraging phrases without fear or obligation",
                  "example": "Take the first step toward security today!"
                }
              ],
              "context_check": {
                "description": "Verify if urgency or fear-inducing phrases are tempered by clear disclosures (e.g., footnotes explaining offer terms) or lack coercive intent.",
                "condition": "If the claim is informational, clearly disclosed, or non-coercive, mark as false positive."
              }
            },
            "examples": [
              {
                "claim": "Contact us today for a free quote!",
                "is_false_positive": "Yes",
                "category": "Customer Invitation"
              },
              {
                "claim": "Apply by March 31 for a 5% discount, see terms.",
                "is_false_positive": "Yes",
                "category": "Disclosed Promotion"
              },
              {
                "claim": "Act now to secure your family’s future!",
                "is_false_positive": "No",
                "category": "None"
              },
              {
                "claim": "Without this policy, your family will suffer.",
                "is_false_positive": "No",
                "category": "None"
              },
              {
                "claim": "Image of a happy family with text: ‘Plan for tomorrow.’",
                "is_false_positive": "Yes",
                "category": "Visual Aesthetics"
              }
            ]
          },
          "outcome": {
            "if_false_positive": {
              "stepResult": "COMPLIANT",
              "action": "stop"
            },
            "if_not_false_positive": {
              "stepResult": "NOT_FALSE_POSITIVE",
              "action": "continue",
              "next_step": "step_2"
            }
          }
        },
        {
          "step": "2",
          "name": "Urgency Evaluation",
          "objective": "Assess if the flagged claim or element creates undue urgency that may pressure consumers into hasty decisions without adequate consideration.",
          "instructions": {
            "evaluate_urgency": {
              "general": "Check the claim’s wording, presentation, and context (e.g., footnotes, terms) to determine if urgency is reasonable and disclosed.",
              "criteria": [
                "Is the time limitation clearly explained (e.g., specific end date with terms in footnotes)?",
                "Is the urgency tied to a legitimate, verifiable offer (e.g., promotional discount)?",
                "Does the claim allow reasonable time for decision-making (e.g., days or weeks, not hours)?",
                "Are visual elements (e.g., countdown timers) accompanied by clear terms?"
              ],
              "conditions": "Urgency is compliant if it is tied to a legitimate offer, clearly disclosed, and allows reasonable time for consideration."
            },
            "examples": [
              {
                "claim": "Apply by March 31 for a 5% discount, see policy terms.",
                "is_reasonable": "Yes",
                "evidence": "Specific end date with terms disclosed"
              },
              {
                "claim": "Act now, offer expires tonight!",
                "is_reasonable": "No",
                "evidence": "No terms disclosed, short timeframe"
              },
              {
                "claim": "Countdown timer: ‘Offer ends in 12 hours!’",
                "is_reasonable": "No",
                "evidence": "No clear terms, short timeframe"
              },
              {
                "claim": "Limited time offer, call for details.",
                "is_reasonable": "No",
                "evidence": "Vague, no specific terms"
              }
            ]
          },
          "outcome": {
            "if_reasonable": {
              "stepResult": "COMPLIANT",
              "action": "stop"
            },
            "if_not_reasonable": {
              "stepResult": "UNREASONABLE_URGENCY",
              "action": "continue",
              "next_step": "step_3"
            }
          }
        },
        {
          "step": "3",
          "name": "Coercive Language Assessment",
          "objective": "Determine if the flagged claim or element uses fear, obligation, or manipulative language to coerce consumers into immediate action, potentially violating NAIC rules.",
          "instructions": {
            "evaluation_steps": [
              "Analyze the claim’s wording for fear-inducing or obligation-driven language (e.g., implying harm or guilt).",
              "Check surrounding text, disclaimers, or visuals for mitigating context (e.g., factual explanations).",
              "Assess consumer impression: Would an average consumer feel pressured or manipulated?",
              "Verify if risks or consequences are exaggerated (e.g., implying certain financial ruin without the product).",
              "Evaluate visual elements (e.g., images of dire scenarios) for manipulative intent."
            ],
            "consumer_perspective": {
              "description": "Consider if the claim exploits emotional triggers (fear, guilt) to bypass rational decision-making."
            },
            "examples": [
              {
                "claim": "Without this policy, your family will suffer.",
                "is_coercive": "Yes",
                "consumer_impression": "Fear of family harm",
                "context_issues": "Exaggerated consequence, no mitigating disclaimer"
              },
              {
                "claim": "You owe it to your family to act now.",
                "is_coercive": "Yes",
                "consumer_impression": "Guilt for inaction",
                "context_issues": "Implies moral failure"
              },
              {
                "claim": "Protect your family with our policy, see terms for details.",
                "is_coercive": "No",
                "consumer_impression": "Encouragement with clear terms",
                "context_issues": "None"
              },
              {
                "claim": "Image of grieving family with text: ‘Don’t let this happen.’",
                "is_coercive": "Yes",
                "consumer_impression": "Fear of tragedy",
                "context_issues": "Manipulative imagery"
              }
            ]
          },
          "outcome": {
            "if_not_coercive": {
              "stepResult": "COMPLIANT",
              "action": "stop"
            },
            "if_coercive": {
              "stepResult": "NON_COMPLIANT",
              "action": "stop"
            }
          }
        }
      ]
    }
  },
  "output_format": {
    "description": "Return the results in a structured JSON format, first listing all potential pressure tactics violations, then providing verification results for each flagged claim or element, including stepResult and action for each step, stopping when a definitive result is reached.",
    "structure": {
      "phase_1_results": {
        "potential_violations": [
          "Text of flagged claim or description of element 1",
          "Text of flagged claim or description of element 2"
        ],
        "stepResult": "NOT_APPLICABLE/POTENTIAL_VIOLATIONS_FOUND",
        "action": "stop/continue",
        "reason": "Explanation of why no claims/elements were found or why claims/elements were flagged"
      },
      "phase_2_results": [
        {
          "claim": "Text of the flagged claim or description of element",
          "triggered": "Yes",
          "steps": [
            {
              "step_name": "False Positive Check",
              "stepResult": "COMPLIANT/NOT_FALSE_POSITIVE/Not Applicable",
              "action": "stop/continue/Not Applicable",
              "details": {
                "is_false_positive": "Yes/No/Not Applicable",
                "category": "General Promotion/Educational Statement/Disclosed Promotion/etc. or None",
                "reason": "Explanation of why it is/isn’t a false positive based on document context"
              }
            },
            {
              "step_name": "Urgency Evaluation",
              "stepResult": "COMPLIANT/UNREASONABLE_URGENCY/Not Applicable",
              "action": "stop/continue/Not Applicable",
              "details": {
                "is_reasonable": "Yes/No/Not Applicable",
                "evidence_found": "Description of terms or evidence (e.g., disclosed end date) or 'None' if not applicable",
                "reason": "Explanation of urgency evaluation result"
              }
            },
            {
              "step_name": "Coercive Language Assessment",
              "stepResult": "COMPLIANT/NON_COMPLIANT/Not Applicable",
              "action": "stop/Not Applicable",
              "details": {
                "is_coercive": "Yes/No/Not Applicable",
                "consumer_impression": "How an average consumer might interpret the claim",
                "context_issues": "Issues with wording, imagery, or clarity, or 'None' if not applicable",
                "reason": "Explanation of coercive language result"
              }
            }
          ],
          "final_status": "COMPLIANT/NON_COMPLIANT",
          "overall_reason": "Summary of why the claim or element is COMPLIANT or NON_COMPLIANT"
        }
      ]
    }
  },
  "marketing_material": "{marketing_material}"
}