{
  "task": "Analyze marketing material PDF for compliance with NAIC rules on Product Name Compliance for Life Insurance and Annuity at the document level",
  "instructions": {
    "phase_1_product_name_compliance_check": {
      "objective": "Scan the entire marketing material PDF (text, images, tables, charts, and visual elements) to determine if at least one product name explicitly includes 'Life Insurance' or 'Annuity' or if there is clear evidence that the advertised product is identified as Life Insurance or Annuity, as required by NAIC rules.",
      "steps": [
        {
          "action": "Identify all product names and references to insurance products in the document.",
          "criteria": {
            "product_references": [
              "Product names (e.g., 'SecureFuture Life Insurance', 'Golden Years Annuity')",
              "Descriptions of insurance products (e.g., 'our life insurance plan protects your family')",
              "Promotional phrases tied to products (e.g., 'best annuity for retirement')",
              "Visual elements like logos, banners, or infographics naming or describing products",
              "Terms implying insurance products (e.g., 'coverage', 'policy', 'premiums', 'benefits')"
            ],
            "required_terms": {
              "life_insurance": [
                "Life Insurance",
                "Term Life Insurance",
                "Whole Life Insurance",
                "Universal Life Insurance"
              ],
              "annuity": [
                "Annuity",
                "Fixed Annuity",
                "Variable Annuity",
                "Indexed Annuity"
              ]
            },
            "evidence_of_product_type": [
              "Footnotes or disclaimers specifying product type (e.g., 'All plans are life insurance products')",
              "Policy descriptions in text or appendices identifying the product as Life Insurance or Annuity",
              "Visual elements (e.g., charts or banners) explicitly labeling the product type",
              "Regulatory statements confirming product type (e.g., 'Approved as an annuity in all states')",
              "Adjacent text clearly identifying the product (e.g., 'Our SecureFuture Plan is a life insurance product')"
            ],
            "exemptions": [
              "Documents not advertising life insurance or annuity products (e.g., general company branding, educational content)",
              "References to non-insurance products (e.g., 'TrustGuard Financial Planning Services')",
              "Promotional phrases unrelated to specific products (e.g., 'We secure your future!')",
              "Legal disclosures without product promotion (e.g., 'Subject to state regulations')"
            ],
            "non_compliant_indicators": [
              "No product name includes 'Life Insurance' or 'Annuity' in the entire document",
              "No clear evidence (e.g., footnotes, disclaimers, or descriptions) identifies the product as Life Insurance or Annuity",
              "Use of ambiguous terms like 'plan', 'coverage', or 'retirement solution' without specifying product type in a document advertising life insurance or annuities"
            ]
          },
          "examples": [
            "Document contains 'SecureFuture Life Insurance Plan' in the title.",
            "Document includes 'Golden Years Plan' with a footnote: 'Golden Years Plan is an annuity.'",
            "Document promotes 'Family Protection Plan' with no mention of 'Life Insurance' or evidence of product type.",
            "Document uses 'Retirement Income Solution' without specifying 'Annuity' or providing evidence.",
            "Document only mentions 'TrustGuard Financial Solutions' with no product promotion."
          ]
        },
        {
          "action": "Determine compliance by checking for required terms, evidence, or exemptions.",
          "substeps": [
            {
              "check": "Exemption Check",
              "description": "Verify if the document is exempt because it does not advertise life insurance or annuity products.",
              "condition": "If exempt, mark as compliant."
            },
            {
              "check": "Required Terms Check",
              "description": "Confirm if at least one product name includes 'Life Insurance' or 'Annuity'.",
              "condition": "If found, mark as compliant."
            },
            {
              "check": "Evidence Check",
              "description": "Verify if the document contains clear evidence (e.g., footnotes, disclaimers, or descriptions) identifying the product as Life Insurance or Annuity.",
              "condition": "If evidence is found, mark as compliant."
            }
          ],
          "outcome": {
            "if_compliant": {
              "stepResult": "COMPLIANT",
              "action": "stop",
              "details": "Summary of compliant product names, evidence, or exemption reason"
            },
            "if_non_compliant": {
              "stepResult": "NON_COMPLIANT",
              "action": "stop",
              "details": "Summary of product references lacking required terms or evidence, with explanation of consumer risk"
            }
          }
        }
      ]
    }
  },
  "output_format": {
    "description": "Return the results in a structured JSON format, summarizing the document’s compliance with NAIC rules for product name requirements, including product references, evidence, exemptions, and the final compliance status.",
    "structure": {
      "phase_1_results": {
        "product_references_summary": {
          "products_identified": [
            {
              "reference": "Text of product reference",
              "product_type": "Life Insurance/Annuity/Unknown",
              "has_required_term": "Yes/No",
              "evidence_found": "Description of evidence or 'None'"
            }
          ],
          "required_terms_present": "Yes/No",
          "evidence_present": "Yes/No",
          "is_exempt": "Yes/No",
          "exemption_category": "General Company Branding/Non-Product Marketing/Educational Content/None"
        },
        "stepResult": "COMPLIANT/NON_COMPLIANT",
        "action": "stop",
        "reason": "Summary of why the document is compliant (e.g., required term found, evidence present, or exempt) or non-compliant (e.g., no required terms or evidence, potential consumer confusion)"
      }
    }
  },
  "marketing_material": "{marketing_material}"
}