{
  "task": "Analyze extracted markdown text from marketing material for compliance with NAIC rules on professional titles",
  "instructions": {
    "phase_1_title_identification": {
      "objective": "Scan the extracted markdown text to identify all sentences or claims that use professional titles, credentials, or designations that may indicate potential NAIC rule violations, and output them as a list.",
      "steps": [
        {
          "action": "Identify claims using professional titles, credentials, or designations.",
          "criteria": {
            "professional_titles": [
              "advisor",
              "consultant",
              "planner",
              "financial advisor",
              "insurance consultant",
              "retirement planner"
            ],
            "credentials": [
              "CFP",
              "CLU",
              "ChFC",
              "CPA",
              "CFA",
              "certified",
              "chartered",
              "licensed"
            ],
            "senior_specific_designations": [
              "senior advisor",
              "certified senior consultant",
              "retirement specialist",
              "senior care planner"
            ],
            "implied_expertise_terms": [
              "expert",
              "specialist",
              "professional",
              "guru",
              "authority"
            ]
          },
          "examples": [
            "Our team of certified financial advisors guarantees the best plan for you.",
            "Meet our senior advisors, experts in retirement planning.",
            "Our CFP professionals always deliver top results.",
            "Trust our licensed consultants for your insurance needs.",
            "Our retirement specialists offer unmatched expertise.",
            "Work with a CLU to secure your future."
          ]
        },
        {
          "action": "Compile a list of flagged claims as potential violations.",
          "outcome": {
            "if_no_claims_found": {
              "stepResult": "NOT_APPLICABLE",
              "action": "stop"
            },
            "if_claims_flagged": {
              "stepResult": "POTENTIAL_VIOLATIONS_FOUND",
              "action": "continue",
              "next_step": "phase_2_title_verification"
            }
          }
        }
      ]
    },
    "phase_2_title_verification": {
      "objective": "Evaluate each flagged claim to determine NAIC rule compliance through False Positive Check, Credential Verification Check, and Consumer Misrepresentation Check, stopping when a definitive result is reached for a claim.",
      "steps": [
        {
          "step": "1",
          "name": "False Positive Check",
          "objective": "Determine if a flagged claim is a false positive, unrelated to professional titles or credentials, or accurately uses titles in a non-misleading way.",
          "instructions": {
            "evaluate_claim": {
              "categories": [
                {
                  "name": "General Descriptions",
                  "description": "Non-specific or informal use of terms",
                  "example": "Our team is like your personal advisor."
                },
                {
                  "name": "Testimonials",
                  "description": "Customer quotes or endorsements",
                  "example": "Clients call us their trusted advisors."
                },
                {
                  "name": "Marketing Taglines",
                  "description": "Broad promotional phrases",
                  "example": "Your consultant for a better future."
                },
                {
                  "name": "Hypothetical Statements",
                  "description": "Conditional or aspirational claims",
                  "example": "You could work with a top advisor."
                },
                {
                  "name": "Educational Statements",
                  "description": "General knowledge about roles",
                  "example": "A CFP can help with financial planning."
                },
                {
                  "name": "Disclosed Non-Credential Use",
                  "description": "Clear indication of no formal credential",
                  "example": "Our advisors are not CFPs but are highly trained."
                }
              ],
              "accurate_use": {
                "description": "Verify if the use of titles or credentials is clearly tied to verified qualifications disclosed in the text (e.g., footnotes, bios).",
                "condition": "If the title or credential is supported and not exaggerated, mark as false positive."
              }
            },
            "examples": [
              {
                "claim": "Clients call us their trusted advisors.",
                "is_false_positive": "Yes",
                "category": "Testimonial"
              },
              {
                "claim": "Our team includes John Doe, a CFP, as verified by the CFP Board.",
                "is_false_positive": "Yes",
                "category": "Accurate Use"
              },
              {
                "claim": "Our senior advisors are the best in the industry.",
                "is_false_positive": "No",
                "category": "None"
              },
              {
                "claim": "Trust our certified consultants for your needs.",
                "is_false_positive": "No",
                "category": "None"
              }
            ]
          },
          "outcome": {
            "if_false_positive": {
              "stepResult": "COMPLIANT",
              "action": "stop"
            },
            "if_not_false_positive": {
              "stepResult": "NOT_FALSE_POSITIVE",
              "action": "continue",
              "next_step": "step_2"
            }
          }
        },
        {
          "step": "2",
          "name": "Credential Verification Check",
          "objective": "Verify if the flagged claim’s use of professional titles or credentials is supported by evidence of qualifications within the extracted markdown text.",
          "instructions": {
            "evaluate_credential": {
              "general": "Check the entire text (e.g., footnotes, appendices, bios, or referenced certifications) for evidence of qualifications.",
              "titles_and_credentials": {
                "description": "Confirm that titles (e.g., 'advisor') or credentials (e.g., 'CFP') are held by individuals or the firm.",
                "evidence_types": [
                  "Individual bios listing credentials",
                  "References to licensing bodies (e.g., CFP Board, state insurance department)",
                  "Disclosures of training or certification programs",
                  "Third-party verification (e.g., FINRA, NAIC records)"
                ],
                "conditions": "Evidence must confirm the individual or firm holds the claimed title or credential, with no misrepresentation of scope or authority."
              },
              "senior_specific_designations": {
                "description": "Ensure senior-specific titles comply with NAIC restrictions on misleading designations.",
                "conditions": "Titles must not imply unearned expertise in senior markets without evidence of specialized training or certification."
              }
            },
            "examples": [
              {
                "claim": "Our team includes Jane Smith, a CFP, as verified by the CFP Board.",
                "is_verified": "Yes",
                "evidence": "Bio referencing CFP Board verification"
              },
              {
                "claim": "Our senior advisors are certified experts.",
                "is_verified": "No",
                "evidence": "None"
              },
              {
                "claim": "Trust our licensed consultants.",
                "is_verified": "No",
                "evidence": "No licensing evidence provided"
              }
            ]
          },
          "outcome": {
            "if_verified": {
              "stepResult": "COMPLIANT",
              "action": "stop"
            },
            "if_not_verified": {
              "stepResult": "NOT_VERIFIED",
              "action": "continue",
              "next_step": "step_3"
            }
          }
        },
        {
          "step": "3",
          "name": "Consumer Misrepresentation Check",
          "objective": "Assess if the flagged claim could mislead the average consumer about the qualifications, expertise, or authority of the individual or firm based on its textual context.",
          "instructions": {
            "evaluation_steps": [
              "Identify the claim’s wording within the text.",
              "Review surrounding text, footnotes, appendices, or disclaimers for qualifications, limitations, or clarifications.",
              "Assess how an average consumer with no specialized knowledge would interpret the claim. Would they assume greater expertise or authority than provided?",
              "Check if qualifications or limitations (e.g., 'not a CFP') are clearly disclosed in the text.",
              "Evaluate the overall impression. Does the claim exaggerate qualifications, imply unearned trust, or suggest expertise not supported by evidence?"
            ],
            "senior_specific_titles": {
              "description": "Ensure senior-specific titles do not exploit consumer trust or imply specialized expertise without evidence."
            },
            "consumer_perspective": {
              "description": "Consider if the claim creates unrealistic expectations of expertise or misrepresents the individual’s or firm’s qualifications."
            },
            "examples": [
              {
                "claim": "Our senior advisors are the best for your retirement needs.",
                "is_misleading": "Yes",
                "consumer_impression": "Highly specialized senior expertise",
                "context_issues": "No evidence of senior-specific training"
              },
              {
                "claim": "Trust our certified consultants.",
                "is_misleading": "Yes",
                "consumer_impression": "Formally certified professionals",
                "context_issues": "No clarification of certification"
              },
              {
                "claim": "Our advisors, trained in financial planning, assist with your goals.",
                "is_misleading": "No",
                "consumer_impression": "Trained but not necessarily credentialed",
                "context_issues": "None"
              }
            ]
          },
          "outcome": {
            "if_not_misleading": {
              "stepResult": "COMPLIANT",
              "action": "stop"
            },
            "if_misleading": {
              "stepResult": "NON_COMPLIANT",
              "action": "stop"
            }
          }
        }
      ]
    }
  },
  "output_format": {
    "description": "Return the results in a structured JSON format, first listing all potential violations, then providing verification results for each flagged claim, including stepResult and action for each step, stopping when a definitive result is reached.",
    "structure": {
      "phase_1_results": {
        "potential_violations": [
          "Text of flagged claim 1",
          "Text of flagged claim 2"
        ],
        "stepResult": "NOT_APPLICABLE/POTENTIAL_VIOLATIONS_FOUND",
        "action": "stop/continue",
        "reason": "Explanation of why no claims were found or why claims were flagged"
      },
      "phase_2_results": [
        {
          "claim": "Text of the flagged claim",
          "triggered": "Yes",
          "steps": [
            {
              "step_name": "False Positive Check",
              "stepResult": "COMPLIANT/NOT_FALSE_POSITIVE/Not Applicable",
              "action": "stop/continue/Not Applicable",
              "details": {
                "is_false_positive": "Yes/No/Not Applicable",
                "category": "Testimonial/General Description/Marketing Tagline/etc. or None",
                "reason": "Explanation of why it is/isn’t a false positive based on text context"
              }
            },
            {
              "step_name": "Credential Verification Check",
              "stepResult": "COMPLIANT/NOT_VERIFIED/Not Applicable",
              "action": "stop/continue/Not Applicable",
              "details": {
                "is_verified": "Yes/No/Not Applicable",
                "evidence_found": "Description of evidence (e.g., bio, certification) or 'None' if not applicable",
                "reason": "Explanation of verification result"
              }
            },
            {
              "step_name": "Consumer Misrepresentation Check",
              "stepResult": "COMPLIANT/NON_COMPLIANT/Not Applicable",
              "action": "stop/Not Applicable",
              "details": {
                "is_misleading": "Yes/No/Not Applicable",
                "consumer_impression": "How an average consumer might interpret the claim",
                "context_issues": "Issues with disclaimers or clarity in text, or 'None' if not applicable",
                "reason": "Explanation of misrepresentation result"
              }
            }
          ],
          "final_status": "COMPLIANT/NON_COMPLIANT",
          "overall_reason": "Summary of why the claim is COMPLIANT or NON_COMPLIANT"
        }
      ]
    }
  },
  "marketing_material": "{extracted_markdown_text}"
}