{
  "task": "Analyze extracted markdown text from marketing material for compliance with NAIC rules on restricted terms",
  "instructions": {
    "phase_1_trigger_identification": {
      "objective": "Scan the extracted markdown text to identify all sentences or claims containing restricted terms that may indicate potential NAIC rule violations, and output them as a list.",
      "steps": [
        {
          "action": "Identify claims containing restricted terms.",
          "criteria": {
            "restricted_terms": [
              "investment",
              "savings",
              "no cost",
              "free",
              "profit-sharing"
            ]
          },
          "examples": [
            "Our policy is a great investment for your future.",
            "Build your savings with our insurance plan.",
            "Get coverage at no cost to you.",
            "Enjoy free life insurance for the first year.",
            "Our plan includes profit-sharing benefits."
          ]
        },
        {
          "action": "Compile a list of flagged claims as potential violations.",
          "outcome": {
            "if_no_claims_found": {
              "stepResult": "NOT_APPLICABLE",
              "action": "stop"
            },
            "if_claims_flagged": {
              "stepResult": "POTENTIAL_VIOLATIONS_FOUND",
              "action": "continue",
              "next_step": "phase_2_trigger_verification"
            }
          }
        }
      ]
    },
    "phase_2_trigger_verification": {
      "objective": "Evaluate each flagged claim to determine NAIC rule compliance through False Positive Check, Proper Contextual Use Check, and Regulatory Compliance Check, stopping when a definitive result is reached for a claim, using only the extracted markdown text.",
      "steps": [
        {
          "step": "1",
          "name": "False Positive Check",
          "objective": "Determine if a flagged claim is a false positive, unrelated to insurance products/services or using restricted terms in a non-violating context.",
          "instructions": {
            "evaluate_claim": {
              "categories": [
                {
                  "name": "Testimonials",
                  "description": "Customer quotes or endorsements",
                  "example": "John said, 'This feels like a great investment!'"
                },
                {
                  "name": "General Non-Product Statements",
                  "description": "Statements unrelated to insurance",
                  "example": "Invest in your education for a better future."
                },
                {
                  "name": "General Slogans",
                  "description": "Broad promotional phrases",
                  "example": "Savings for a brighter tomorrow!"
                },
                {
                  "name": "Mission or Vision Statements",
                  "description": "Company values or goals",
                  "example": "We promote savings for all."
                },
                {
                  "name": "Marketing Taglines",
                  "description": "Repeated branding phrases",
                  "example": "Free your mind with us!"
                },
                {
                  "name": "Hypothetical Statements",
                  "description": "Conditional or idealistic claims",
                  "example": "You could enjoy free benefits."
                },
                {
                  "name": "Motivational Statements",
                  "description": "Calls to action or optimistic phrases",
                  "example": "Start your savings journey today!"
                },
                {
                  "name": "Descriptive Adjectives",
                  "description": "Non-product-related use of terms",
                  "example": "Our team offers free consultations."
                },
                {
                  "name": "Historical Facts",
                  "description": "Objective company facts",
                  "example": "Founded as a savings cooperative."
                },
                {
                  "name": "Customer Invitations",
                  "description": "Offers of support",
                  "example": "Call us for free advice!"
                },
                {
                  "name": "Rhetorical Flair",
                  "description": "Stylistic hyperbole",
                  "example": "The investment of a lifetime!"
                },
                {
                  "name": "Legal Disclosures",
                  "description": "Required statements",
                  "example": "No cost for eligible policyholders under state law."
                },
                {
                  "name": "Educational Statements",
                  "description": "General knowledge about insurance",
                  "example": "Life insurance can protect your savings."
                },
                {
                  "name": "General Benefit Statements",
                  "description": "Claims about the product category",
                  "example": "Insurance is an investment in peace of mind."
                },
                {
                  "name": "Consumer Action Statements",
                  "description": "Focus on consumer agency",
                  "example": "Choose free coverage options today."
                },
                {
                  "name": "Promotional Offers",
                  "description": "Limited-time promotions",
                  "example": "Free quote with every inquiry!"
                }
              ]
            },
            "examples": [
              {
                "claim": "Our customers say it’s like an investment!",
                "is_false_positive": "Yes",
                "category": "Testimonial"
              },
              {
                "claim": "Invest in your health today!",
                "is_false_positive": "Yes",
                "category": "General Non-Product Statement"
              },
              {
                "claim": "Our policy is a great investment for your future.",
                "is_false_positive": "No",
                "category": "None"
              },
              {
                "claim": "Get coverage at no cost to you.",
                "is_false_positive": "No",
                "category": "None"
              }
            ]
          },
          "outcome": {
            "if_false_positive": {
              "stepResult": "COMPLIANT",
              "action": "stop"
            },
            "if_not_false_positive": {
              "stepResult": "NOT_FALSE_POSITIVE",
              "action": "continue",
              "next_step": "step_2"
            }
          }
        },
        {
          "step": "2",
          "name": "Proper Contextual Use Check",
          "objective": "Verify if the restricted term is used in a context that aligns with NAIC guidelines and does not misrepresent the insurance product, based on the extracted markdown text.",
          "instructions": {
            "evaluate_context": {
              "general": "Check the surrounding text, footnotes, or disclaimers in the markdown text to determine if the term is used appropriately and does not imply non-insurance characteristics (e.g., presenting insurance as a financial investment or cost-free).",
              "restricted_terms": {
                "investment": {
                  "description": "Ensure 'investment' refers to non-financial benefits (e.g., peace of mind) and not financial returns or growth.",
                  "condition": "Must not imply the insurance product functions as a financial investment vehicle."
                },
                "savings": {
                  "description": "Ensure 'savings' refers to cost efficiencies (e.g., premium discounts) and not a savings account or financial growth.",
                  "condition": "Must not suggest the product accumulates savings like a bank account."
                },
                "no cost/free": {
                  "description": "Ensure 'no cost' or 'free' is accurate and discloses any conditions (e.g., limited duration, eligibility) in the surrounding text.",
                  "condition": "Must clearly state limitations or costs in the markdown text."
                },
                "profit-sharing": {
                  "description": "Ensure 'profit-sharing' is only used for products with explicit profit-sharing features, as defined in policy terms referenced in the text.",
                  "condition": "Must be supported by policy documentation and not imply guaranteed returns."
                }
              }
            },
            "examples": [
              {
                "claim": "Our policy is an investment in your family’s future.",
                "is_proper_context": "Yes",
                "evidence": "Refers to emotional/security benefits, not financial returns, as clarified in surrounding text."
              },
              {
                "claim": "Build your savings with our insurance plan.",
                "is_proper_context": "No",
                "evidence": "Implies financial savings, unsupported by policy terms in the text."
              },
              {
                "claim": "Free coverage for the first month, subject to eligibility.",
                "is_proper_context": "Yes",
                "evidence": "Discloses conditions clearly in the markdown text."
              },
              {
                "claim": "Get coverage at no cost to you.",
                "is_proper_context": "No",
                "evidence": "No disclosure of conditions or limitations in the text."
              }
            ]
          },
          "outcome": {
            "if_proper_context": {
              "stepResult": "COMPLIANT",
              "action": "stop"
            },
            "if_not_proper_context": {
              "stepResult": "IMPROPER_CONTEXT",
              "action": "continue",
              "next_step": "step_3"
            }
          }
        },
        {
          "step": "3",
          "name": "Regulatory Compliance Check",
          "objective": "Assess if the flagged claim complies with NAIC guidelines by ensuring it does not mislead consumers or violate restrictions on implying non-insurance characteristics, using only the extracted markdown text.",
          "instructions": {
            "evaluation_steps": [
              "Review the claim’s wording and surrounding text, including disclaimers or footnotes in the markdown text.",
              "Verify if the claim aligns with NAIC Model Regulation 580, which prohibits misrepresenting insurance as other financial products.",
              "Check for clear disclaimers in the text explaining the use of restricted terms (e.g., 'not a savings account').",
              "Assess if the claim could lead an average consumer to believe the insurance product offers financial benefits (e.g., returns, no costs) not supported by the policy, based on the text.",
              "Evaluate the overall impression created by the claim and its context in the markdown text. Does it imply the product is an investment, savings vehicle, or free without clear qualifications?"
            ],
            "consumer_perspective": {
              "description": "Consider if the claim creates unrealistic expectations or misrepresents the product as a non-insurance financial product, based on the text alone."
            },
            "examples": [
              {
                "claim": "Our policy is a great investment for your future.",
                "is_compliant": "No",
                "consumer_impression": "Implies financial returns",
                "context_issues": "No disclaimer in the text clarifying non-financial intent"
              },
              {
                "claim": "Free coverage for the first month, subject to eligibility and policy terms.",
                "is_compliant": "Yes",
                "consumer_impression": "Limited free period with conditions",
                "context_issues": "None"
              },
              {
                "claim": "Build your savings with our insurance plan.",
                "is_compliant": "No",
                "consumer_impression": "Implies financial savings account",
                "context_issues": "Lacks disclaimer in the text about insurance nature"
              },
              {
                "claim": "Profit-sharing included, as per policy terms for eligible plans.",
                "is_compliant": "Yes",
                "consumer_impression": "Profit-sharing with conditions",
                "context_issues": "Supported by policy terms in the text"
              }
            ]
          },
          "outcome": {
            "if_compliant": {
              "stepResult": "COMPLIANT",
              "action": "stop"
            },
            "if_not_compliant": {
              "stepResult": "NON_COMPLIANT",
              "action": "stop"
            }
          }
        }
      ]
    }
  },
  "output_format": {
    "description": "Return the results in a structured JSON format, first listing all potential violations, then providing verification results for each flagged claim, including stepResult and action for each step, stopping when a definitive result is reached.",
    "structure": {
      "phase_1_results": {
        "potential_violations": [
          "Text of flagged claim 1",
          "Text of flagged claim 2"
        ],
        "stepResult": "NOT_APPLICABLE/POTENTIAL_VIOLATIONS_FOUND",
        "action": "stop/continue",
        "reason": "Explanation of why no claims were found or why claims were flagged"
      },
      "phase_2_results": [
        {
          "claim": "Text of the flagged claim",
          "triggered": "Yes",
          "steps": [
            {
              "step_name": "False Positive Check",
              "stepResult": "COMPLIANT/NOT_FALSE_POSITIVE/Not Applicable",
              "action": "stop/continue/Not Applicable",
              "details": {
                "is_false_positive": "Yes/No/Not Applicable",
                "category": "Testimonial/General Slogan/Mission Statement/etc. or None",
                "reason": "Explanation of why it is/isn’t a false positive based on markdown text context"
              }
            },
            {
              "step_name": "Proper Contextual Use Check",
              "stepResult": "COMPLIANT/IMPROPER_CONTEXT/Not Applicable",
              "action": "stop/continue/Not Applicable",
              "details": {
                "is_proper_context": "Yes/No/Not Applicable",
                "evidence_found": "Description of context in markdown text or 'None' if not applicable",
                "reason": "Explanation of context result"
              }
            },
            {
              "step_name": "Regulatory Compliance Check",
              "stepResult": "COMPLIANT/NON_COMPLIANT/Not Applicable",
              "action": "stop/Not Applicable",
              "details": {
                "is_compliant": "Yes/No/Not Applicable",
                "consumer_impression": "How an average consumer might interpret the claim based on the text",
                "context_issues": "Issues with disclaimers or clarity in the markdown text, or 'None' if not applicable",
                "reason": "Explanation of compliance result"
              }
            }
          ],
          "final_status": "COMPLIANT/NON_COMPLIANT",
          "overall_reason": "Summary of why the claim is COMPLIANT or NON_COMPLIANT"
        }
      ]
    }
  },
  "marketing_material": "{marketing_material}"
}