{
  "task": "Analyze marketing material markdown text for compliance with NAIC QUASI GROUP rules",
  "instructions": {
    "phase_1_trigger_identification": {
      "objective": "Scan the entire marketing material markdown text to identify all sentences or claims containing group, association, or employer-related terms that may indicate potential NAIC QUASI GROUP rule violations, and output them as a list.",
      "steps": [
        {
          "action": "Identify claims with group, association, or employer-related terms or implications.",
          "criteria": {
            "group_related_terms": [
              "group plan",
              "group coverage",
              "group insurance",
              "group benefits",
              "group policy",
              "group rates",
              "group discount"
            ],
            "association_related_terms": [
              "association plan",
              "association coverage",
              "association benefits",
              "association policy",
              "association rates",
              "association membership",
              "association-sponsored"
            ],
            "employer_related_terms": [
              "employer plan",
              "employer-sponsored",
              "employer benefits",
              "workplace coverage",
              "employee benefits",
              "employer group",
              "workplace insurance"
            ],
            "implied_affiliation_terms": [
              "exclusive to members",
              "only for employees",
              "special group offer",
              "members-only benefits",
              "preferred group rates",
              "affiliated group plan"
            ]
          },
          "examples": [
            "Join our group plan for exclusive rates!",
            "Association members get special coverage benefits.",
            "Our employer-sponsored plan offers unmatched benefits.",
            "Get group rates without being part of a group!",
            "Exclusive group coverage for all employees.",
            "Members-only benefits through our association plan.",
            "Special group offer for workplace insurance."
          ]
        },
        {
          "action": "Compile a list of flagged claims as potential violations.",
          "outcome": {
            "if_no_claims_found": {
              "stepResult": "NOT_APPLICABLE",
              "action": "stop"
            },
            "if_claims_flagged": {
              "stepResult": "POTENTIAL_VIOLATIONS_FOUND",
              "action": "continue",
              "next_step": "phase_2_trigger_verification"
            }
          }
        }
      ]
    },
    "phase_2_trigger_verification": {
      "objective": "Evaluate each flagged claim to determine NAIC QUASI GROUP rule compliance through False Positive Check, Eligibility Disclosure Check, and Consumer Misrepresentation Check, stopping when a definitive result is reached for a claim, using only the document’s markdown text.",
      "steps": [
        {
          "step": "1",
          "name": "False Positive Check",
          "objective": "Determine if a flagged claim is a false positive, unrelated to group, association, or employer benefits, or accurately describes a group structure within the document text.",
          "instructions": {
            "evaluate_claim": {
              "categories": [
                {
                  "name": "General Marketing Phrases",
                  "description": "Broad promotional terms not tied to group benefits",
                  "example": "Join our community for great benefits!"
                },
                {
                  "name": "Testimonials",
                  "description": "Customer quotes mentioning groups or associations",
                  "example": "Our association loves this plan!"
                },
                {
                  "name": "Educational Statements",
                  "description": "General knowledge about group insurance",
                  "example": "Group plans often offer lower rates."
                },
                {
                  "name": "Non-Insurance Contexts",
                  "description": "Group references unrelated to insurance",
                  "example": "Join our group for community events!"
                },
                {
                  "name": "Disclosed Group Terms",
                  "description": "Claims with clear group eligibility in the text",
                  "example": "Group plan for employees of XYZ Corp, subject to eligibility."
                }
              ],
              "legitimate_group_terms": {
                "description": "Verify if terms like 'group plan' or 'employer-sponsored' are supported by clear eligibility criteria or disclaimers within the document text (e.g., footnotes, policy details).",
                "condition": "If supported and not exaggerated, mark as false positive."
              }
            },
            "examples": [
              {
                "claim": "Our customers say our group plan is amazing!",
                "is_false_positive": "Yes",
                "category": "Testimonial"
              },
              {
                "claim": "Group plans can save you money!",
                "is_false_positive": "Yes",
                "category": "Educational Statement"
              },
              {
                "claim": "Group plan for XYZ Corp employees, subject to eligibility criteria.",
                "is_false_positive": "Yes",
                "category": "Disclosed Group Terms"
              },
              {
                "claim": "Get group rates without joining a group!",
                "is_false_positive": "No",
                "category": "None"
              },
              {
                "claim": "Association plan for all members with no restrictions.",
                "is_false_positive": "No",
                "category": "None"
              }
            ]
          },
          "outcome": {
            "if_false_positive": {
              "stepResult": "COMPLIANT",
              "action": "stop"
            },
            "if_not_false_positive": {
              "stepResult": "NOT_FALSE_POSITIVE",
              "action": "continue",
              "next_step": "step_2"
            }
          }
        },
        {
          "step": "2",
          "name": "Eligibility Disclosure Check",
          "objective": "Verify if the flagged claim is accompanied by clear eligibility criteria or disclaimers within the document text to support group, association, or employer affiliation.",
          "instructions": {
            "evaluate_disclosure": {
              "general": "Search the document text (including footnotes, policy details, or nearby sentences) for explicit eligibility criteria or disclaimers related to the group, association, or employer affiliation.",
              "disclosure_requirements": {
                "description": "The text must specify who qualifies for the group plan (e.g., specific employer, association membership criteria) or note limitations.",
                "evidence_types": [
                  "Eligibility statements (e.g., 'Available to employees of XYZ Corp')",
                  "Membership requirements (e.g., 'Requires active association membership')",
                  "Disclaimers (e.g., 'Subject to group policy terms')",
                  "Policy details within the text"
                ],
                "conditions": "Disclosures must be clear, specific, and in close proximity to the claim to avoid misleading implications."
              }
            },
            "examples": [
              {
                "claim": "Group plan for XYZ Corp employees, subject to eligibility criteria.",
                "is_disclosed": "Yes",
                "evidence": "Eligibility criteria mentioned in the text"
              },
              {
                "claim": "Association plan for National Trade Association members, see membership requirements.",
                "is_disclosed": "Yes",
                "evidence": "Membership requirements referenced"
              },
              {
                "claim": "Get group rates without joining a group!",
                "is_disclosed": "No",
                "evidence": "None"
              },
              {
                "claim": "Association plan for all members with no restrictions.",
                "is_disclosed": "No",
                "evidence": "No eligibility criteria provided"
              }
            ]
          },
          "outcome": {
            "if_disclosed": {
              "stepResult": "COMPLIANT",
              "action": "stop"
            },
            "if_not_disclosed": {
              "stepResult": "NOT_DISCLOSED",
              "action": "continue",
              "next_step": "step_3"
            }
          }
        },
        {
          "step": "3",
          "name": "Consumer Misrepresentation Check",
          "objective": "Assess if the flagged claim could mislead the average consumer about group, association, or employer affiliation or benefits based on the document text alone.",
          "instructions": {
            "evaluation_steps": [
              "Review the claim’s wording and surrounding text (e.g., nearby sentences, footnotes, disclaimers) for context.",
              "Assess how an average consumer with no specialized knowledge would interpret the claim. Would they assume eligibility or benefits they may not qualify for?",
              "Check if the text includes clear eligibility criteria or disclaimers to prevent misinterpretation.",
              "Evaluate the overall impression created by the claim. Does it imply broader eligibility or benefits than supported by the text?"
            ],
            "consumer_perspective": {
              "description": "Consider if the claim creates unrealistic expectations about group affiliation or benefits in a way that could affect consumer decisions."
            },
            "examples": [
              {
                "claim": "Get group rates without joining a group!",
                "is_misleading": "Yes",
                "consumer_impression": "Anyone can get group rates",
                "context_issues": "No eligibility criteria provided"
              },
              {
                "claim": "Association plan for all members with no restrictions.",
                "is_misleading": "Yes",
                "consumer_impression": "Open to anyone claiming membership",
                "context_issues": "Lacks membership criteria"
              },
              {
                "claim": "Group plan for XYZ Corp employees, subject to eligibility criteria.",
                "is_misleading": "No",
                "consumer_impression": "Coverage for specific employees with conditions",
                "context_issues": "None"
              },
              {
                "claim": "Association plan for National Trade Association members, see membership requirements.",
                "is_misleading": "No",
                "consumer_impression": "Coverage for eligible members",
                "context_issues": "None"
              }
            ]
          },
          "outcome": {
            "if_not_misleading": {
              "stepResult": "COMPLIANT",
              "action": "stop"
            },
            "if_misleading": {
              "stepResult": "NON_COMPLIANT",
              "action": "stop"
            }
          }
        }
      ]
    }
  },
  "output_format": {
    "description": "Return the results in a structured JSON format, first listing all potential QUASI GROUP violations, then providing verification results for each flagged claim, including stepResult and action for each step, stopping when a definitive result is reached.",
    "structure": {
      "phase_1_results": {
        "potential_violations": [
          "Text of flagged claim 1",
          "Text of flagged claim 2"
        ],
        "stepResult": "NOT_APPLICABLE/POTENTIAL_VIOLATIONS_FOUND",
        "action": "stop/continue",
        "reason": "Explanation of why no claims were found or why claims were flagged"
      },
      "phase_2_results": [
        {
          "claim": "Text of the flagged claim",
          "triggered": "Yes",
          "steps": [
            {
              "step_name": "False Positive Check",
              "stepResult": "COMPLIANT/NOT_FALSE_POSITIVE/Not Applicable",
              "action": "stop/continue/Not Applicable",
              "details": {
                "is_false_positive": "Yes/No/Not Applicable",
                "category": "Testimonial/Educational Statement/Disclosed Group Terms/etc. or None",
                "reason": "Explanation of why it is/isn’t a false positive based on document text"
              }
            },
            {
              "step_name": "Eligibility Disclosure Check",
              "stepResult": "COMPLIANT/NOT_DISCLOSED/Not Applicable",
              "action": "stop/continue/Not Applicable",
              "details": {
                "is_disclosed": "Yes/No/Not Applicable",
                "evidence_found": "Description of eligibility criteria or disclaimers in the text or 'None' if not applicable",
                "reason": "Explanation of disclosure result"
              }
            },
            {
              "step_name": "Consumer Misrepresentation Check",
              "stepResult": "COMPLIANT/NON_COMPLIANT/Not Applicable",
              "action": "stop/Not Applicable",
              "details": {
                "is_misleading": "Yes/No/Not Applicable",
                "consumer_impression": "How an average consumer might interpret the claim",
                "context_issues": "Issues with text clarity or disclaimers, or 'None' if not applicable",
                "reason": "Explanation of misrepresentation result"
              }
            }
          ],
          "final_status": "COMPLIANT/NON_COMPLIANT",
          "overall_reason": "Summary of why the claim is COMPLIANT or NON_COMPLIANT"
        }
      ]
    }
  },
  "marketing_material": "{marketing_material}"
}