{
  "task": "Analyze marketing material text for compliance with NAIC rules on ratings-related claims, including letter grade, hierarchy, and source credibility",
  "instructions": {
    "phase_1_ratings_identification": {
      "objective": "Scan the entire marketing material text to identify all sentences or claims referencing ratings, rankings, letter grades, hierarchy, or evaluations that may indicate potential NAIC rule violations, and output them as a list.",
      "steps": [
        {
          "action": "Identify claims referencing ratings, rankings, letter grades, hierarchy, or evaluations.",
          "criteria": {
            "ratings_terms": [
              "rated", "rating", "ranked", "ranking", "top-rated", "highest-rated",
              "A+", "A", "AA", "B++", "B+", "A.M. Best", "S&P", "Moody’s", "Fitch", "J.D. Power",
              "Yelp", "Google Reviews", "award", "certification", "recognition", "accredited"
            ],
            "hierarchy_terms": [
              "highest", "second highest", "third best", "top tier", "among the best",
              "of [number] ratings", "in the scale", "rating scale"
            ],
            "exaggeration_terms": [
              "best", "number one", "top", "leading", "premier", "unmatched",
              "unrivaled", "superior", "foremost"
            ],
            "absolute_terms": [
              "always", "never", "guaranteed", "consistently"
            ],
            "context_terms": [
              "financial strength", "customer satisfaction", "performance"
            ]
          },
          "examples": [
            "We are rated A+ by A.M. Best for financial strength.",
            "Financial Strength of A+ by Yelp.",
            "Ranked third best of 21 possible ratings by Moody’s.",
            "Our unmatched A+ rating ensures your peace of mind.",
            "B++ rating, among the top tier of insurers.",
            "Top-rated by Google Reviews for customer satisfaction."
          ]
        },
        {
          "action": "Compile a list of flagged claims as potential violations.",
          "outcome": {
            "if_no_claims_found": {
              "stepResult": "NOT_APPLICABLE",
              "action": "stop"
            },
            "if_claims_flagged": {
              "stepResult": "POTENTIAL_VIOLATIONS_FOUND",
              "action": "continue",
              "next_step": "phase_2_ratings_verification"
            }
          }
        }
      ]
    },
    "phase_2_ratings_verification": {
      "objective": "Evaluate each flagged claim to determine NAIC rule compliance through False Positive Check, Source Attribution Check, Letter Grade Check, and Hierarchy Check, stopping when a definitive result is reached for a claim.",
      "steps": [
        {
          "step": "1",
          "name": "False Positive Check",
          "objective": "Determine if a flagged claim is a false positive, unrelated to ratings, letter grades, hierarchy, or evaluations, or accurately reflects non-performance-related statements.",
          "instructions": {
            "evaluate_claim": {
              "categories": [
                {
                  "name": "Testimonials",
                  "description": "Customer or third-party quotes",
                  "example": "Our clients say we’re A+ rated on Yelp!"
                },
                {
                  "name": "General Statements",
                  "description": "Non-specific or metaphorical claims",
                  "example": "Our service is rated highly by families."
                },
                {
                  "name": "Slogans",
                  "description": "Broad promotional phrases",
                  "example": "Always striving for the highest rating!"
                },
                {
                  "name": "Mission Statements",
                  "description": "Company goals or values",
                  "example": "We aim to achieve an A+ rating."
                },
                {
                  "name": "Marketing Taglines",
                  "description": "Branding phrases",
                  "example": "Your A+ choice for insurance!"
                },
                {
                  "name": "Hypothetical Statements",
                  "description": "Conditional claims",
                  "example": "You could choose an A+ rated provider."
                },
                {
                  "name": "Motivational Statements",
                  "description": "Encouraging phrases",
                  "example": "Never settle for less than a top-tier rating!"
                },
                {
                  "name": "Descriptive Adjectives",
                  "description": "Non-specific superlatives",
                  "example": "Our team is highly rated for service."
                },
                {
                  "name": "Historical Statements",
                  "description": "Factual company history",
                  "example": "Rated A+ by A.M. Best in 2020."
                },
                {
                  "name": "Customer Invitations",
                  "description": "Support offers",
                  "example": "Discover why we’re A+ rated!"
                },
                {
                  "name": "Educational Statements",
                  "description": "General knowledge",
                  "example": "Ratings like A+ help you choose the best insurer."
                }
              ],
              "ratings_terms": {
                "description": "Verify if ratings, letter grades, hierarchy, or evaluation terms (e.g., 'A+', 'third best', 'Yelp') are used in a non-performance context or supported by document text (e.g., footnotes, disclosures).",
                "condition": "If unrelated to performance or supported, mark as false positive."
              }
            },
            "examples": [
              {
                "claim": "Our customers say we’re A+ rated on Yelp!",
                "is_false_positive": "Yes",
                "category": "Testimonial"
              },
              {
                "claim": "Our goal is to be the top-rated insurer.",
                "is_false_positive": "Yes",
                "category": "Mission Statement"
              },
              {
                "claim": "Rated A+ by A.M. Best in 2023, as per our annual report.",
                "is_false_positive": "Yes",
                "category": "Historical Statement"
              },
              {
                "claim": "Financial Strength of A+ by Yelp.",
                "is_false_positive": "No",
                "category": "None"
              },
              {
                "claim": "We are the top-rated insurer with an A+ rating.",
                "is_false_positive": "No",
                "category": "None"
              }
            ]
          },
          "outcome": {
            "if_false_positive": {
              "stepResult": "COMPLIANT",
              "action": "stop"
            },
            "if_not_false_positive": {
              "stepResult": "NOT_FALSE_POSITIVE",
              "action": "continue",
              "next_step": "step_2"
            }
          }
        },
        {
          "step": "2",
          "name": "Source Attribution Check",
          "objective": "Verify if the flagged claim attributes the rating to a credible source, specifies the rating’s scope and date, and avoids non-credible sources like consumer review platforms within the document text.",
          "instructions": {
            "evaluate_attribution": {
              "general": "Check the document text (including footnotes, disclosures, or referenced sections) for mention of the rating source, scope, and date.",
              "credible_sources": [
                "A.M. Best", "S&P", "Moody’s", "Fitch", "J.D. Power"
              ],
              "non_credible_sources": [
                "Yelp", "Google Reviews", "Trustpilot", "Better Business Bureau", "consumer reviews"
              ],
              "requirements": [
                "Source must be credible (e.g., A.M. Best, S&P, Moody’s, Fitch, J.D. Power). Claims citing non-credible sources (e.g., Yelp) are non-compliant.",
                "Scope must be clear (e.g., financial strength, customer satisfaction).",
                "Date or time period must be specified (e.g., 'in 2023', 'as of last review')."
              ],
              "conditions": "The claim must explicitly reference a credible source, scope, and date in the document text to be compliant. Claims citing non-credible sources fail this check."
            },
            "examples": [
              {
                "claim": "Rated A+ by A.M. Best for financial strength in 2023.",
                "is_attributed": "Yes",
                "source": "A.M. Best",
                "scope": "Financial strength",
                "date": "2023",
                "is_credible": "Yes"
              },
              {
                "claim": "Financial Strength of A+ by Yelp.",
                "is_attributed": "No",
                "source": "Yelp",
                "scope": "Financial strength",
                "date": "None",
                "is_credible": "No"
              },
              {
                "claim": "Ranked third best of 21 ratings by J.D. Power for customer satisfaction in 2024.",
                "is_attributed": "Yes",
                "source": "J.D. Power",
                "scope": "Customer satisfaction",
                "date": "2024",
                "is_credible": "Yes"
              },
              {
                "claim": "We are the top-rated insurer with an A+ rating.",
                "is_attributed": "No",
                "source": "None",
                "scope": "None",
                "date": "None",
                "is_credible": "Not Applicable"
              }
            ]
          },
          "outcome": {
            "if_attributed_and_credible": {
              "stepResult": "COMPLIANT",
              "action": "continue",
              "next_step": "step_3"
            },
            "if_not_attributed_or_non_credible": {
              "stepResult": "NOT_ATTRIBUTED_OR_NON_CREDIBLE",
              "action": "stop",
              "final_status": "NON_COMPLIANT"
            }
          }
        },
        {
          "step": "3",
          "name": "Letter Grade Check",
          "objective": "Verify if the flagged claim accurately states the letter grade, supports it with evidence, and avoids misleading implications (e.g., non-credible source context) within the document text.",
          "instructions": {
            "evaluation_steps": [
              "Confirm that the letter grade (e.g., A+, AA, B++) is explicitly stated in the document text.",
              "Verify that the letter grade matches the attributed source and scope (e.g., 'A+ by A.M. Best for financial strength').",
              "Check for supporting evidence in the document text (e.g., footnotes, disclosures, or referenced reports) confirming the letter grade.",
              "Ensure no exaggeration (e.g., claiming 'A+' when the rating is 'A') or misleading use of letter grades from non-credible sources (e.g., implying 'A+ by Yelp' is an official rating).",
              "Evaluate if the claim could mislead a consumer into assuming a higher, broader, or more official rating than provided."
            ],
            "consumer_perspective": {
              "description": "Consider if the letter grade claim creates unrealistic expectations about the company’s reliability, especially if tied to a non-credible source."
            },
            "examples": [
              {
                "claim": "Rated A+ by A.M. Best for financial strength in 2023, as per our annual report.",
                "is_accurate": "Yes",
                "letter_grade": "A+",
                "evidence": "Annual report",
                "consumer_impression": "Strong financial rating from credible source",
                "issues": "None"
              },
              {
                "claim": "Financial Strength of A+ by Yelp.",
                "is_accurate": "No",
                "letter_grade": "A+",
                "evidence": "None",
                "consumer_impression": "Official financial strength rating implied",
                "issues": "Non-credible source (Yelp) used misleadingly"
              },
              {
                "claim": "Rated AA by S&P for financial strength in 2024, subject to policy terms.",
                "is_accurate": "Yes",
                "letter_grade": "AA",
                "evidence": "Policy terms",
                "consumer_impression": "High financial rating with conditions",
                "issues": "None"
              },
              {
                "claim": "Our A+ rating ensures unmatched reliability.",
                "is_accurate": "No",
                "letter_grade": "A+",
                "evidence": "None",
                "consumer_impression": "Unique top rating implied",
                "issues": "Exaggeration with 'unmatched' and no evidence"
              }
            ]
          },
          "outcome": {
            "if_accurate": {
              "stepResult": "COMPLIANT",
              "action": "continue",
              "next_step": "step_4"
            },
            "if_not_accurate": {
              "stepResult": "NON_COMPLIANT",
              "action": "stop"
            }
          }
        },
        {
          "step": "4",
          "name": "Hierarchy Check",
          "objective": "Verify if the flagged claim accurately represents the rating’s position in the agency’s scale and provides sufficient context within the document text.",
          "instructions": {
            "evaluation_steps": [
              "Identify if the claim references the rating’s hierarchy (e.g., 'highest', 'third best', 'top tier', 'of 21 ratings').",
              "Verify that the hierarchy is explicitly supported in the document text (e.g., a footnote describing the rating scale or a statement like 'second highest of 16 ratings').",
              "Ensure the hierarchy claim is not exaggerated (e.g., claiming 'highest' when the rating is A+ but A++ exists).",
              "Check for disclosure of the rating scale or context (e.g., total number of ratings or relative position) to avoid misleading impressions.",
              "Evaluate if the claim could mislead a consumer into assuming a higher position in the scale than justified."
            ],
            "consumer_perspective": {
              "description": "Consider if the hierarchy claim creates unrealistic expectations about the rating’s significance or the company’s standing."
            },
            "examples": [
              {
                "claim": "Rated A+ by A.M. Best, the second highest of 16 possible ratings in 2023.",
                "is_accurate": "Yes",
                "hierarchy": "Second highest of 16 ratings",
                "evidence": "Document text specifying scale",
                "consumer_impression": "High but not top rating",
                "issues": "None"
              },
              {
                "claim": "Our A+ rating is the highest from A.M. Best.",
                "is_accurate": "No",
                "hierarchy": "Highest",
                "evidence": "None",
                "consumer_impression": "Top possible rating implied",
                "issues": "Exaggeration, as A++ is higher"
              },
              {
                "claim": "Ranked third best of 21 ratings by J.D. Power for customer satisfaction in 2024.",
                "is_accurate": "Yes",
                "hierarchy": "Third best of 21 ratings",
                "evidence": "Document text specifying ranking",
                "consumer_impression": "High ranking with clear context",
                "issues": "None"
              },
              {
                "claim": "Our B++ rating is among the best in the industry.",
                "is_accurate": "No",
                "hierarchy": "Among the best",
                "evidence": "None",
                "consumer_impression": "Top-tier rating implied",
                "issues": "Exaggeration, as B++ is not top-tier"
              }
            ]
          },
          "outcome": {
            "if_accurate": {
              "stepResult": "COMPLIANT",
              "action": "stop"
            },
            "if_not_accurate": {
              "stepResult": "NON_COMPLIANT",
              "action": "stop"
            }
          }
        }
      ]
    }
  },
  "output_format": {
    "description": "Return the results in a structured JSON format, first listing all potential violations, then providing verification results for each flagged claim, including stepResult and action for each step, stopping when a definitive result is reached.",
    "structure": {
      "phase_1_results": {
        "potential_violations": [
          "Text of flagged claim 1",
          "Text of flagged claim 2"
        ],
        "stepResult": "NOT_APPLICABLE/POTENTIAL_VIOLATIONS_FOUND",
        "action": "stop/continue",
        "reason": "Explanation of why no claims were found or why claims were flagged"
      },
      "phase_2_results": [
        {
          "claim": "Text of the flagged claim",
          "triggered": "Yes",
          "steps": [
            {
              "step_name": "False Positive Check",
              "stepResult": "COMPLIANT/NOT_FALSE_POSITIVE/Not Applicable",
              "action": "stop/continue/Not Applicable",
              "details": {
                "is_false_positive": "Yes/No/Not Applicable",
                "category": "Testimonial/Slogan/Mission Statement/etc. or None",
                "reason": "Explanation of why it is/isn’t a false positive based on document text"
              }
            },
            {
              "step_name": "Source Attribution Check",
              "stepResult": "COMPLIANT/NOT_ATTRIBUTED_OR_NON_CREDIBLE/Not Applicable",
              "action": "stop/continue/Not Applicable",
              "details": {
                "is_attributed": "Yes/No/Not Applicable",
                "source": "Name of source or 'None'",
                "scope": "Scope of rating or 'None'",
                "date": "Date of rating or 'None'",
                "is_credible": "Yes/No/Not Applicable",
                "reason": "Explanation of attribution and credibility result"
              }
            },
            {
              "step_name": "Letter Grade Check",
              "stepResult": "COMPLIANT/NON_COMPLIANT/Not Applicable",
              "action": "stop/continue/Not Applicable",
              "details": {
                "is_accurate": "Yes/No/Not Applicable",
                "letter_grade": "Specific grade (e.g., A+) or 'None'",
                "evidence": "Description of evidence or 'None'",
                "consumer_impression": "How an average consumer might interpret the claim",
                "issues": "Issues with accuracy or misleading context, or 'None'"
              }
            },
            {
              "step_name": "Hierarchy Check",
              "stepResult": "COMPLIANT/NON_COMPLIANT/Not Applicable",
              "action": "stop/Not Applicable",
              "details": {
                "is_accurate": "Yes/No/Not Applicable",
                "hierarchy": "Described hierarchy (e.g., 'second highest') or 'None'",
                "evidence": "Description of evidence or 'None'",
                "consumer_impression": "How an average consumer might interpret the claim",
                "issues": "Issues with accuracy or exaggeration, or 'None'"
              }
            }
          ],
          "final_status": "COMPLIANT/NON_COMPLIANT",
          "overall_reason": "Summary of why the claim is COMPLIANT or NON_COMPLIANT"
        }
      ]
    }
  },
  "marketing_material": "{marketing_material}"
}