{
  "task": "Analyze marketing material PDF text for compliance with NAIC rules regarding Regulatory Approval",
  "instructions": {
    "phase_1_trigger_identification": {
      "objective": "Scan the entire marketing material text (in markdown format) to identify all sentences or claims that reference regulatory approval, endorsements, compliance, or related terms that may indicate potential NAIC rule violations, and output them as a list.",
      "steps": [
        {
          "action": "Identify claims referencing regulatory approval, endorsements, or compliance.",
          "criteria": {
            "regulatory_terms": [
              "approved by",
              "endorsed by",
              "authorized by",
              "certified by",
              "regulated by",
              "complies with all regulations",
              "meets all regulatory standards",
              "state-approved",
              "government-approved",
              "fully compliant with",
              "sanctioned by",
              "guaranteed by state regulations",
              "backed by regulatory authorities"
            ],
            "implied_regulatory_terms": [
              "trusted by regulators",
              "preferred by state authorities",
              "recognized as compliant",
              "officially recognized",
              "meets every standard",
              "unquestioned compliance"
            ],
            "absolute_statements": [
              "always compliant",
              "never questioned",
              "completely authorized",
              "totally endorsed"
            ]
          },
          "examples": [
            "Our policy is approved by all state insurance departments.",
            "Endorsed by the NAIC for compliance.",
            "This product is state-approved for all applicants.",
            "We are fully compliant with all regulations.",
            "Trusted by regulators nationwide.",
            "Our plan is officially recognized by government authorities.",
            "Completely authorized by state insurance boards.",
            "Meets every standard set by regulators."
          ]
        },
        {
          "action": "Compile a list of flagged claims as potential violations.",
          "outcome": {
            "if_no_claims_found": {
              "stepResult": "NOT_APPLICABLE",
              "action": "stop"
            },
            "if_claims_flagged": {
              "stepResult": "POTENTIAL_VIOLATIONS_FOUND",
              "action": "continue",
              "next_step": "phase_2_trigger_verification"
            }
          }
        }
      ]
    },
    "phase_2_trigger_verification": {
      "objective": "Evaluate each flagged claim to determine NAIC rule compliance through False Positive Check, Specificity Check, and Accuracy Check, stopping when a definitive result is reached for a claim.",
      "steps": [
        {
          "step": "1",
          "name": "False Positive Check",
          "objective": "Determine if a flagged claim is a false positive, unrelated to regulatory approval or endorsements, or accurately reflects factual regulatory status.",
          "instructions": {
            "evaluate_claim": {
              "categories": [
                {
                  "name": "General Statements",
                  "description": "Broad or vague statements not tied to specific regulatory approval",
                  "example": "We strive to meet all standards."
                },
                {
                  "name": "Educational Statements",
                  "description": "General information about regulatory processes",
                  "example": "All insurance products must comply with state regulations."
                },
                {
                  "name": "Legal Disclosures",
                  "description": "Required statements about compliance",
                  "example": "This policy is subject to state insurance regulations."
                },
                {
                  "name": "Hypothetical Statements",
                  "description": "Conditional or aspirational claims",
                  "example": "We aim to be fully compliant with all regulations."
                },
                {
                  "name": "Mission Statements",
                  "description": "Company goals or values",
                  "example": "Our commitment is to always follow regulatory guidelines."
                },
                {
                  "name": "Consumer Guidance",
                  "description": "Advice or general statements about regulations",
                  "example": "Always check for state-approved policies."
                }
              ],
              "accurate_regulatory_terms": {
                "description": "Verify if terms like 'state-approved' are supported by specific references in the document (e.g., policy details, disclaimers) and are not exaggerated.",
                "condition": "If supported and not overstated, mark as false positive."
              }
            },
            "examples": [
              {
                "claim": "We strive to meet all regulatory standards.",
                "is_false_positive": "Yes",
                "category": "General Statement"
              },
              {
                "claim": "This policy is subject to state insurance regulations.",
                "is_false_positive": "Yes",
                "category": "Legal Disclosure"
              },
              {
                "claim": "Our policy is state-approved for specific plans, as noted in the policy terms.",
                "is_false_positive": "Yes",
                "category": "Accurate Regulatory Term"
              },
              {
                "claim": "Endorsed by the NAIC for compliance.",
                "is_false_positive": "No",
                "category": "None"
              },
              {
                "claim": "Trusted by regulators nationwide.",
                "is_false_positive": "No",
                "category": "None"
              }
            ]
          },
          "outcome": {
            "if_false_positive": {
              "stepResult": "COMPLIANT",
              "action": "stop"
            },
            "if_not_false_positive": {
              "stepResult": "NOT_FALSE_POSITIVE",
              "action": "continue",
              "next_step": "step_2"
            }
          }
        },
        {
          "step": "2",
          "name": "Specificity Check",
          "objective": "Verify if the flagged claim provides specific details about the regulatory approval or endorsement, including the authority, scope, and conditions.",
          "instructions": {
            "evaluate_specificity": {
              "general": "Check the entire document text (including footnotes, disclaimers, or policy details) for details about the claimed approval or endorsement.",
              "criteria": [
                "Identify the specific regulatory authority (e.g., named state insurance department).",
                "Confirm the scope of approval (e.g., specific product or plan).",
                "Check for conditions or limitations (e.g., approval for certain applicants or regions).",
                "Ensure the claim does not imply broader approval than granted."
              ],
              "conditions": "Claims must reference a specific authority and scope, with clear documentation in the text."
            },
            "examples": [
              {
                "claim": "Our term life policy is approved by the California Department of Insurance for ages 18-65, as detailed in our policy terms.",
                "is_specific": "Yes",
                "details": "Specific authority and scope mentioned"
              },
              {
                "claim": "State-approved for all applicants.",
                "is_specific": "No",
                "details": "Lacks specific authority and scope"
              },
              {
                "claim": "Endorsed by the NAIC.",
                "is_specific": "No",
                "details": "No details on scope or conditions"
              }
            ]
          },
          "outcome": {
            "if_specific": {
              "stepResult": "SPECIFIC",
              "action": "continue",
              "next_step": "step_3"
            },
            "if_not_specific": {
              "stepResult": "NOT_SPECIFIC",
              "action": "stop",
              "final_status": "NON_COMPLIANT",
              "reason": "Claim lacks specific details about regulatory approval or endorsement."
            }
          }
        },
        {
          "step": "3",
          "name": "Accuracy Check",
          "objective": "Assess if the flagged claim accurately represents the regulatory approval or endorsement based on the document text and does not exaggerate or misrepresent the status.",
          "instructions": {
            "evaluation_steps": [
              "Verify that the claimed approval or endorsement is supported by specific references in the document (e.g., policy terms, disclaimers).",
              "Check if the claim exaggerates the scope or nature of the approval (e.g., implying universal approval when limited to specific conditions).",
              "Ensure the claim does not imply an endorsement or preference by a regulatory body unless explicitly stated in the document.",
              "Confirm that any conditions or limitations (e.g., regional restrictions) are clearly mentioned in the document text."
            ],
            "consumer_perspective": {
              "description": "Consider if the claim creates a false impression that the product has broader or more authoritative approval than it does."
            },
            "examples": [
              {
                "claim": "Our term life policy is approved by the California Department of Insurance for ages 18-65, as detailed in our policy terms.",
                "is_accurate": "Yes",
                "details": "Supported by policy terms with clear conditions"
              },
              {
                "claim": "Approved by all state insurance departments.",
                "is_accurate": "No",
                "details": "No evidence supports universal approval"
              },
              {
                "claim": "Endorsed by the NAIC for compliance.",
                "is_accurate": "No",
                "details": "No evidence of NAIC endorsement"
              }
            ]
          },
          "outcome": {
            "if_accurate": {
              "stepResult": "COMPLIANT",
              "action": "stop"
            },
            "if_not_accurate": {
              "stepResult": "NON_COMPLIANT",
              "action": "stop"
            }
          }
        }
      ]
    }
  },
  "output_format": {
    "description": "Return the results in a structured JSON format, first listing all potential violations, then providing verification results for each flagged claim, including stepResult and action for each step, stopping when a definitive result is reached.",
    "structure": {
      "phase_1_results": {
        "potential_violations": [
          "Text of flagged claim 1",
          "Text of flagged claim 2"
        ],
        "stepResult": "NOT_APPLICABLE/POTENTIAL_VIOLATIONS_FOUND",
        "action": "stop/continue",
        "reason": "Explanation of why no claims were found or why claims were flagged"
      },
      "phase_2_results": [
        {
          "claim": "Text of the flagged claim",
          "triggered": "Yes",
          "steps": [
            {
              "step_name": "False Positive Check",
              "stepResult": "COMPLIANT/NOT_FALSE_POSITIVE/Not Applicable",
              "action": "stop/continue/Not Applicable",
              "details": {
                "is_false_positive": "Yes/No/Not Applicable",
                "category": "General Statement/Educational Statement/Legal Disclosure/etc. or None",
                "reason": "Explanation of why it is/isn’t a false positive based on document text"
              }
            },
            {
              "step_name": "Specificity Check",
              "stepResult": "SPECIFIC/NOT_SPECIFIC/Not Applicable",
              "action": "continue/stop/Not Applicable",
              "details": {
                "is_specific": "Yes/No/Not Applicable",
                "details_found": "Description of specific authority, scope, or conditions, or 'None' if not applicable",
                "reason": "Explanation of specificity result"
              }
            },
            {
              "step_name": "Accuracy Check",
              "stepResult": "COMPLIANT/NON_COMPLIANT/Not Applicable",
              "action": "stop/Not Applicable",
              "details": {
                "is_accurate": "Yes/No/Not Applicable",
                "details_found": "Description of supporting evidence or 'None' if not applicable",
                "consumer_impression": "How an average consumer might interpret the claim",
                "reason": "Explanation of accuracy result"
              }
            }
          ],
          "final_status": "COMPLIANT/NON_COMPLIANT",
          "overall_reason": "Summary of why the claim is COMPLIANT or NON_COMPLIANT"
        }
      ]
    }
  },
  "marketing_material": "{marketing_material}"
}