{
  "task": "Analyze marketing material PDF text for compliance with NAIC rules on statistics-related claims containing specific keywords",
  "instructions": {
    "phase_1_trigger_identification": {
      "objective": "Scan the entire marketing material text (in markdown format) to identify all sentences or claims containing the words or phrases 'study,' 'research,' 'survey,' 'experts,' 'cost,' 'average,' 'percent,' 'according to,' 'studies show,' 'experts say,' 'say,' or 'said,' that relate to statistical data or performance metrics and may indicate potential NAIC rule violations, and output them as a list.",
      "steps": [
        {
          "action": "Identify claims containing specified keywords or phrases that relate to statistical data or performance metrics.",
          "criteria": {
            "keywords_phrases": [
              "study",
              "research",
              "survey",
              "experts",
              "cost",
              "average",
              "percent",
              "according to",
              "studies show",
              "experts say",
              "say",
              "said"
            ],
            "statistical_context": [
              "Numerical data (e.g., percentages, averages, costs)",
              "Performance metrics (e.g., satisfaction rates, claim processing times)",
              "Comparative claims (e.g., 'lower cost than competitors')",
              "Research or expert-based assertions (e.g., 'studies show 90% satisfaction')"
            ],
            "exclusions": [
              "Non-statistical uses of keywords (e.g., 'experts in customer service' without numerical claims)",
              "General conversational uses (e.g., 'he said to call us' without statistical context)"
            ]
          },
          "examples": [
            "According to a 2023 survey, 95% of our customers are satisfied.",
            "Studies show our premiums cost 20% less than the industry average.",
            "Experts say our claims process is the fastest, with 98% processed in 7 days.",
            "Research indicates 80% of policyholders save with us.",
            "Our average payout is $50,000, said our claims expert.",
            "A study found our policies cost less than competitors."
          ]
        },
        {
          "action": "Compile a list of flagged claims as potential violations.",
          "outcome": {
            "if_no_claims_found": {
              "stepResult": "NOT_APPLICABLE",
              "action": "stop"
            },
            "if_claims_flagged": {
              "stepResult": "POTENTIAL_VIOLATIONS_FOUND",
              "action": "continue",
              "next_step": "phase_2_trigger_verification"
            }
          }
        }
      ]
    },
    "phase_2_trigger_verification": {
      "objective": "Evaluate each flagged statistical claim containing specified keywords to determine NAIC rule compliance through False Positive Check, Source Credibility Check, and Clarity and Accuracy Check, stopping when a definitive result is reached for a claim.",
      "steps": [
        {
          "step": "1",
          "name": "False Positive Check",
          "objective": "Determine if a flagged claim is a false positive, unrelated to statistical or performance-based claims, or appropriately contextualized within the document.",
          "instructions": {
            "evaluate_claim": {
              "categories": [
                {
                  "name": "Non-Statistical Expert References",
                  "description": "References to experts without numerical or performance claims",
                  "example": "Our experts are here to guide you."
                },
                {
                  "name": "General Statements",
                  "description": "Broad statements using keywords without specific statistics",
                  "example": "Research is important for choosing insurance."
                },
                {
                  "name": "Testimonials",
                  "description": "Customer quotes using keywords",
                  "example": "John said, 'Experts helped me save!'"
                },
                {
                  "name": "Hypothetical Statements",
                  "description": "Conditional or illustrative claims",
                  "example": "A survey could show you’d save 20% with us."
                },
                {
                  "name": "Conversational Uses",
                  "description": "Non-statistical uses of 'say' or 'said'",
                  "example": "He said to call for a quote."
                },
                {
                  "name": "Marketing Taglines",
                  "description": "Promotional phrases with keywords",
                  "example": "Experts say we’re the best choice!"
                },
                {
                  "name": "Educational Statements",
                  "description": "General industry knowledge",
                  "example": "Studies show insurance is essential for most families."
                }
              ],
              "context_check": {
                "description": "Verify if the claim is clearly marked as hypothetical, general knowledge, or non-statistical within the document text (e.g., 'based on industry trends').",
                "condition": "If unrelated to product performance or clearly contextualized, mark as false positive."
              }
            },
            "examples": [
              {
                "claim": "Our experts are here to guide you.",
                "is_false_positive": "Yes",
                "category": "Non-Statistical Expert Reference"
              },
              {
                "claim": "John said, 'Experts helped me save!'",
                "is_false_positive": "Yes",
                "category": "Testimonial"
              },
              {
                "claim": "A survey could show you’d save 20% with us.",
                "is_false_positive": "Yes",
                "category": "Hypothetical Statement"
              },
              {
                "claim": "According to a 2023 survey, 95% of our customers are satisfied.",
                "is_false_positive": "No",
                "category": "None"
              },
              {
                "claim": "Studies show our premiums cost 20% less than the industry average.",
                "is_false_positive": "No",
                "category": "None"
              }
            ]
          },
          "outcome": {
            "if_false_positive": {
              "stepResult": "COMPLIANT",
              "action": "stop"
            },
            "if_not_false_positive": {
              "stepResult": "NOT_FALSE_POSITIVE",
              "action": "continue",
              "next_step": "step_2"
            }
          }
        },
        {
          "step": "2",
          "name": "Source Credibility Check",
          "objective": "Verify if the flagged statistical claim is supported by a credible and specific source referenced within the marketing material text.",
          "instructions": {
            "evaluate_substantiation": {
              "general": "Check the entire document text (including footnotes, appendices, or referenced sections) for a specific and relevant source for the claim.",
              "evidence_types": [
                "Internal data (e.g., 'based on our 2023 customer survey')",
                "Third-party data (e.g., 'according to the 2023 Insurance Industry Report')",
                "Named studies (e.g., 'per the 2022 National Insurance Study')",
                "Expert credentials (e.g., 'as stated by Dr. Jane Smith, Insurance Analyst')"
              ],
              "conditions": [
                "The source must be specific (e.g., '2023 Customer Survey,' not 'a survey').",
                "The source must be relevant to the claim (e.g., a customer survey for satisfaction claims).",
                "If a comparison is made (e.g., '20% less than average'), the source must include relevant benchmarks or competitor data.",
                "Vague sources (e.g., 'experts say,' 'studies show' without details) are not credible."
              ]
            },
            "examples": [
              {
                "claim": "According to a 2023 survey, 95% of our customers are satisfied.",
                "is_substantiated": "Yes",
                "evidence": "2023 Customer Survey"
              },
              {
                "claim": "Studies show our premiums cost 20% less than the industry average, per the 2023 Insurance Rate Report.",
                "is_substantiated": "Yes",
                "evidence": "2023 Insurance Rate Report"
              },
              {
                "claim": "Experts say our claims process is the fastest.",
                "is_substantiated": "No",
                "evidence": "None"
              },
              {
                "claim": "Studies show 80% of policyholders save with us.",
                "is_substantiated": "No",
                "evidence": "None"
              }
            ]
          },
          "outcome": {
            "if_substantiated": {
              "stepResult": "COMPLIANT",
              "action": "stop"
            },
            "if_not_substantiated": {
              "stepResult": "NOT_SUBSTANTIATED",
              "action": "continue",
              "next_step": "step_3"
            }
          }
        },
        {
          "step": "3",
          "name": "Clarity and Accuracy Check",
          "objective": "Assess if the flagged statistical claim is presented clearly and accurately to avoid misleading the average consumer.",
          "instructions": {
            "evaluation_steps": [
              "Review the claim’s wording for clarity (e.g., are terms like 'average,' 'percent,' or 'cost' defined or contextualized?).",
              "Check surrounding text, footnotes, or appendices for qualifiers or explanations (e.g., 'based on 2023 data for eligible customers').",
              "Assess if the claim could create unrealistic expectations (e.g., '95% satisfaction' implying universal satisfaction).",
              "Verify that limitations or conditions (e.g., 'for specific policies') are clearly stated near the claim.",
              "Evaluate if sources or terms (e.g., 'experts,' 'studies') are vague or imply unwarranted authority.",
              "Determine if the claim’s context aligns with its intended meaning (e.g., no exaggeration or omission of key details)."
            ],
            "consumer_perspective": {
              "description": "Consider if the claim could mislead a consumer with no specialized knowledge into expecting outcomes that may not be universally achievable."
            },
            "examples": [
              {
                "claim": "Studies show 80% of policyholders save with us.",
                "is_misleading": "Yes",
                "consumer_impression": "Most customers save significantly",
                "context_issues": "Vague source and no conditions specified"
              },
              {
                "claim": "Experts say our claims process is the fastest.",
                "is_misleading": "Yes",
                "consumer_impression": "Fastest process universally",
                "context_issues": "No specific experts or evidence provided"
              },
              {
                "claim": "According to a 2023 survey of 1,000 customers, 95% are satisfied.",
                "is_misleading": "No",
                "consumer_impression": "High satisfaction with clear context",
                "context_issues": "None"
              },
              {
                "claim": "Our average payout is $50,000 for eligible claims, per 2023 records.",
                "is_misleading": "No",
                "consumer_impression": "Typical payout with conditions",
                "context_issues": "None"
              }
            ]
          },
          "outcome": {
            "if_not_misleading": {
              "stepResult": "COMPLIANT",
              "action": "stop"
            },
            "if_misleading": {
              "stepResult": "NON_COMPLIANT",
              "action": "stop"
            }
          }
        }
      ]
    }
  },
  "output_format": {
    "description": "Return the results in a structured JSON format, first listing all potential violations, then providing verification results for each flagged claim, including stepResult and action for each step, stopping when a definitive result is reached.",
    "structure": {
      "phase_1_results": {
        "potential_violations": [
          "Text of flagged claim 1",
          "Text of flagged claim 2"
        ],
        "stepResult": "NOT_APPLICABLE/POTENTIAL_VIOLATIONS_FOUND",
        "action": "stop/continue",
        "reason": "Explanation of why no claims were found or why claims were flagged"
      },
      "phase_2_results": [
        {
          "claim": "Text of the flagged claim",
          "triggered": "Yes",
          "steps": [
            {
              "step_name": "False Positive Check",
              "stepResult": "COMPLIANT/NOT_FALSE_POSITIVE/Not Applicable",
              "action": "stop/continue/Not Applicable",
              "details": {
                "is_false_positive": "Yes/No/Not Applicable",
                "category": "Non-Statistical Expert Reference/General Statement/Testimonial/etc. or None",
                "reason": "Explanation of why it is/isn’t a false positive based on document text context"
              }
            },
            {
              "step_name": "Source Credibility Check",
              "stepResult": "COMPLIANT/NOT_SUBSTANTIATED/Not Applicable",
              "action": "stop/continue/Not Applicable",
              "details": {
                "is_substantiated": "Yes/No/Not Applicable",
                "evidence_found": "Description of evidence (e.g., survey, report) or 'None' if not applicable",
                "reason": "Explanation of substantiation result"
              }
            },
            {
              "step_name": "Clarity and Accuracy Check",
              "stepResult": "COMPLIANT/NON_COMPLIANT/Not Applicable",
              "action": "stop/Not Applicable",
              "details": {
                "is_misleading": "Yes/No/Not Applicable",
                "consumer_impression": "How an average consumer might interpret the claim",
                "context_issues": "Issues with clarity, qualifiers, or accuracy, or 'None' if not applicable",
                "reason": "Explanation of misleading result"
              }
            }
          ],
          "final_status": "COMPLIANT/NON_COMPLIANT",
          "overall_reason": "Summary of why the claim is COMPLIANT or NON_COMPLIANT"
        }
      ]
    }
  },
  "marketing_material": "{marketing_material}"
}