{
  "task": "Analyze marketing material PDF text for compliance with NAIC testimonial-related rules",
  "instructions": {
    "phase_1_trigger_identification": {
      "objective": "Scan the extracted markdown text of the marketing material to identify all sentences or claims that appear to be testimonials or endorsements, and output them as a list for potential NAIC rule violations.",
      "steps": [
        {
          "action": "Identify claims that indicate testimonials or endorsements.",
          "criteria": {
            "testimonial_indicators": [
              "quote from a customer",
              "statement attributed to an individual",
              "personal story or experience",
              "review or rating",
              "endorsement by a named or unnamed person"
            ],
            "key_phrases": [
              "says", 
              "said", 
              "testified", 
              "reviewed", 
              "rated", 
              "recommends", 
              "our customer", 
              "client", 
              "policyholder", 
              "insured", 
              "satisfied customer"
            ],
            "examples": [
              "John Smith says, 'This is the best insurance I’ve ever had!'",
              "A satisfied customer rated us 5 stars!",
              "Our policyholder, Jane Doe, said her claim was processed in days.",
              "Clients love our fast service, as one insured shared.",
              "According to a customer, 'I feel so secure with this policy.'"
            ]
          }
        },
        {
          "action": "Compile a list of flagged claims as potential violations.",
          "outcome": {
            "if_no_claims_found": {
              "stepResult": "NOT_APPLICABLE",
              "action": "stop"
            },
            "if_claims_flagged": {
              "stepResult": "POTENTIAL_VIOLATIONS_FOUND",
              "action": "continue",
              "next_step": "phase_2_trigger_verification"
            }
          }
        }
      ]
    },
    "phase_2_trigger_verification": {
      "objective": "Evaluate each flagged testimonial or endorsement to determine NAIC rule compliance through False Positive Check, Attribution Check, and Misleading Content Check, stopping when a definitive result is reached for a claim.",
      "steps": [
        {
          "step": "1",
          "name": "False Positive Check",
          "objective": "Determine if a flagged claim is a false positive, not a testimonial or endorsement, or does not relate to product performance or benefits.",
          "instructions": {
            "evaluate_claim": {
              "categories": [
                {
                  "name": "General Statements",
                  "description": "Non-specific claims not attributed to individuals",
                  "example": "Our customers are satisfied with our service."
                },
                {
                  "name": "Hypothetical Statements",
                  "description": "Generic or conditional claims",
                  "example": "A customer might say we’re great."
                },
                {
                  "name": "Marketing Slogans",
                  "description": "Broad promotional phrases",
                  "example": "Clients love us!"
                },
                {
                  "name": "Company Descriptions",
                  "description": "Statements about company values or goals",
                  "example": "We aim to make every client satisfied."
                },
                {
                  "name": "Educational Statements",
                  "description": "General information about insurance",
                  "example": "Policyholders benefit from choosing reliable coverage."
                }
              ]
            },
            "examples": [
              {
                "claim": "Our customers are satisfied with our service.",
                "is_false_positive": "Yes",
                "category": "General Statement"
              },
              {
                "claim": "A customer might say we’re great.",
                "is_false_positive": "Yes",
                "category": "Hypothetical Statement"
              },
              {
                "claim": "John Smith says, 'This policy saved my family!'",
                "is_false_positive": "No",
                "category": "None"
              },
              {
                "claim": "Clients love our fast service, as one insured shared.",
                "is_false_positive": "No",
                "category": "None"
              }
            ]
          },
          "outcome": {
            "if_false_positive": {
              "stepResult": "COMPLIANT",
              "action": "stop"
            },
            "if_not_false_positive": {
              "stepResult": "NOT_FALSE_POSITIVE",
              "action": "continue",
              "next_step": "step_2"
            }
          }
        },
        {
          "step": "2",
          "name": "Attribution Check",
          "objective": "Verify if the testimonial or endorsement includes proper attribution as required by NAIC guidelines.",
          "instructions": {
            "evaluate_attribution": {
              "general": "Check the document text for details about the testimonial’s source.",
              "criteria": [
                {
                  "name": "Attribution",
                  "description": "Testimonial must specify a source (e.g., named individual, anonymous customer with context). Anonymous testimonials are acceptable if context is provided (e.g., 'a policyholder from Texas').",
                  "condition": "Lack of any source or vague attribution (e.g., 'a customer') without context is non-compliant."
                }
              ]
            },
            "examples": [
              {
                "claim": "John Smith, a policyholder, says, 'This policy saved my family!'",
                "is_attributed": "Yes",
                "evidence": "Named individual"
              },
              {
                "claim": "A Texas policyholder shared, 'Claims were processed fast.'",
                "is_attributed": "Yes",
                "evidence": "Anonymous with context"
              },
              {
                "claim": "A customer said, 'Best service ever!'",
                "is_attributed": "No",
                "evidence": "Vague attribution"
              }
            ]
          },
          "outcome": {
            "if_attributed": {
              "stepResult": "COMPLIANT",
              "action": "continue",
              "next_step": "step_3"
            },
            "if_not_attributed": {
              "stepResult": "NOT_ATTRIBUTED",
              "action": "continue",
              "next_step": "step_3"
            }
          }
        },
        {
          "step": "3",
          "name": "Misleading Content Check",
          "objective": "Assess if the testimonial or endorsement could mislead the average consumer based on its content or context within the document text.",
          "instructions": {
            "evaluation_steps": [
              "Review the testimonial’s wording for exaggerated, unsubstantiated, or overly broad claims about product benefits.",
              "Check for disclaimers, footnotes, or policy terms in the document that clarify or contradict the testimonial.",
              "Assess if the testimonial implies typical results without evidence (e.g., 'all customers get fast claims' based on one story).",
              "Determine if the testimonial omits critical limitations (e.g., specific policy terms, eligibility criteria).",
              "Evaluate whether the testimonial creates unrealistic expectations for the average consumer."
            ],
            "consumer_perspective": {
              "description": "Consider if the testimonial misrepresents the product’s benefits or implies guaranteed outcomes that may not apply to all consumers."
            },
            "examples": [
              {
                "claim": "John Smith says, 'My claim was paid in 24 hours!'",
                "is_misleading": "Yes",
                "consumer_impression": "All claims are paid in 24 hours",
                "context_issues": "No disclaimer about typical claim processing times"
              },
              {
                "claim": "A policyholder shared, 'This policy is the best.'",
                "is_misleading": "Yes",
                "consumer_impression": "Superior product without evidence",
                "context_issues": "No substantiation for 'best'"
              },
              {
                "claim": "Jane Doe, a policyholder, says, 'My claim was processed per policy terms.'",
                "is_misleading": "No",
                "consumer_impression": "Claim processed as expected",
                "context_issues": "None"
              }
            ]
          },
          "outcome": {
            "if_not_misleading": {
              "stepResult": "COMPLIANT",
              "action": "stop"
            },
            "if_misleading": {
              "stepResult": "NON_COMPLIANT",
              "action": "stop"
            }
          }
        }
      ]
    }
  },
  "output_format": {
    "description": "Return the results in a structured JSON format, first listing all potential testimonial-related violations, then providing verification results for each flagged claim, including stepResult and action for each step, stopping when a definitive result is reached.",
    "structure": {
      "phase_1_results": {
        "potential_violations": [
          "Text of flagged claim 1",
          "Text of flagged claim 2"
        ],
        "stepResult": "NOT_APPLICABLE/POTENTIAL_VIOLATIONS_FOUND",
        "action": "stop/continue",
        "reason": "Explanation of why no claims were found or why claims were flagged"
      },
      "phase_2_results": [
        {
          "claim": "Text of the flagged claim",
          "triggered": "Yes",
          "steps": [
            {
              "step_name": "False Positive Check",
              "stepResult": "COMPLIANT/NOT_FALSE_POSITIVE/Not Applicable",
              "action": "stop/continue/Not Applicable",
              "details": {
                "is_false_positive": "Yes/No/Not Applicable",
                "category": "General Statement/Hypothetical Statement/Marketing Slogan/etc. or None",
                "reason": "Explanation of why it is/isn’t a false positive based on document text"
              }
            },
            {
              "step_name": "Attribution Check",
              "stepResult": "COMPLIANT/NOT_ATTRIBUTED/Not Applicable",
              "action": "stop/continue/Not Applicable",
              "details": {
                "is_attributed": "Yes/No/Not Applicable",
                "evidence": "Description of attribution or 'None' if not applicable",
                "reason": "Explanation of attribution result"
              }
            },
            {
              "step_name": "Misleading Content Check",
              "stepResult": "COMPLIANT/NON_COMPLIANT/Not Applicable",
              "action": "stop/Not Applicable",
              "details": {
                "is_misleading": "Yes/No/Not Applicable",
                "consumer_impression": "How an average consumer might interpret the testimonial",
                "context_issues": "Issues with content, disclaimers, or clarity, or 'None' if not applicable",
                "reason": "Explanation of misleading result"
              }
            }
          ],
          "final_status": "COMPLIANT/NON_COMPLIANT",
          "overall_reason": "Summary of why the claim is COMPLIANT or NON_COMPLIANT"
        }
      ]
    }
  },
  "marketing_material": "{marketing_material}"
}